policy_text,label
The Right to Information Act introduces digital portals for public monitoring of government spending in Odisha.,High Impact
This regulation updates routine government operational rules under the Public Transport Permit Regulation in Gujarat.,Low Impact
This policy revises standard office procedures and departmental management guidelines in Kerala.,Low Impact
The Municipal Parking Regulation Bill modifies internal administrative processes and documentation standards in Gujarat.,Low Impact
"Under the Election Commission Transparency Reform Bill, all government departments must release public data to citizens in Madhya Pradesh.",High Impact
This policy revises standard office procedures and departmental management guidelines in Madhya Pradesh.,Low Impact
This regulation updates routine government operational rules under the Government Office Attendance Rule Update in West Bengal.,Low Impact
The Open Government Data Policy mandates public disclosure of government records and improves transparency in Telangana.,High Impact
The Motor Vehicles Act amendment on vehicle registration introduces minor regulatory adjustments to administrative workflows in Maharashtra.,Low Impact
The Lokpal and Lokayuktas Act enhances transparency standards and civic oversight across administrative bodies in Karnataka.,High Impact
This regulation updates routine government operational rules under the Administrative Procedure Simplification Bill in Karnataka.,Low Impact
This policy revises standard office procedures and departmental management guidelines in West Bengal.,Low Impact
The State Vehicle Tax Adjustment Act introduces minor regulatory adjustments to administrative workflows in Haryana.,Low Impact
The Anti-Corruption Amendment Bill mandates public disclosure of government records and improves transparency in Gujarat.,High Impact
The State Vehicle Tax Adjustment Act introduces minor regulatory adjustments to administrative workflows in Uttar Pradesh.,Low Impact
The Open Government Data Policy introduces digital portals for public monitoring of government spending in Haryana.,High Impact
The Public Transport Permit Regulation modifies internal administrative processes and documentation standards in Rajasthan.,Low Impact
This legislation strengthens citizen access to government information and accountability mechanisms in Gujarat under the Public Procurement Transparency Bill.,High Impact
The Public Procurement Transparency Bill introduces digital portals for public monitoring of government spending in Rajasthan.,High Impact
"Under the Digital Personal Data Protection Act, all government departments must release public data to citizens in Assam.",High Impact
This regulation updates routine government operational rules under the Government Office Attendance Rule Update in West Bengal.,Low Impact
This legislation strengthens citizen access to government information and accountability mechanisms in Odisha under the Anti-Corruption Amendment Bill.,High Impact
This regulation updates routine government operational rules under the Public Office Infrastructure Maintenance Policy in Kerala.,Low Impact
The Motor Vehicles Act amendment on vehicle registration regulates administrative procedures and operational guidelines for departments in Rajasthan.,Low Impact
The Administrative Procedure Simplification Bill introduces minor regulatory adjustments to administrative workflows in Assam.,Low Impact
The Urban Traffic Management Amendment introduces minor regulatory adjustments to administrative workflows in Andhra Pradesh.,Low Impact
"Under the Public Records Access Reform Act, all government departments must release public data to citizens in Karnataka.",High Impact
The Digital Personal Data Protection Act mandates public disclosure of government records and improves transparency in Kerala.,High Impact
This policy revises standard office procedures and departmental management guidelines in Rajasthan.,Low Impact
The Government Accountability and Transparency Act enhances transparency standards and civic oversight across administrative bodies in Karnataka.,High Impact
The Departmental Reporting Format Regulation regulates administrative procedures and operational guidelines for departments in Bihar.,Low Impact
The Government Accountability and Transparency Act enhances transparency standards and civic oversight across administrative bodies in Madhya Pradesh.,High Impact
The Government Accountability and Transparency Act introduces digital portals for public monitoring of government spending in Uttar Pradesh.,High Impact
This legislation strengthens citizen access to government information and accountability mechanisms in Karnataka under the Digital Personal Data Protection Act.,High Impact
The Municipal Parking Regulation Bill introduces minor regulatory adjustments to administrative workflows in Rajasthan.,Low Impact
The Whistle Blowers Protection Act introduces digital portals for public monitoring of government spending in Kerala.,High Impact
The Administrative Procedure Simplification Bill regulates administrative procedures and operational guidelines for departments in Madhya Pradesh.,Low Impact
This policy revises standard office procedures and departmental management guidelines in Rajasthan.,Low Impact
This policy revises standard office procedures and departmental management guidelines in Madhya Pradesh.,Low Impact
The Whistle Blowers Protection Act introduces digital portals for public monitoring of government spending in Telangana.,High Impact
This legislation strengthens citizen access to government information and accountability mechanisms in Rajasthan under the Government Accountability and Transparency Act.,High Impact
The Election Commission Transparency Reform Bill introduces digital portals for public monitoring of government spending in Tamil Nadu.,High Impact
The Municipal Parking Regulation Bill introduces minor regulatory adjustments to administrative workflows in Rajasthan.,Low Impact
The Public Office Infrastructure Maintenance Policy regulates administrative procedures and operational guidelines for departments in Rajasthan.,Low Impact
This policy revises standard office procedures and departmental management guidelines in Bihar.,Low Impact
This regulation updates routine government operational rules under the State Vehicle Tax Adjustment Act in Assam.,Low Impact
The Right to Information Act mandates public disclosure of government records and improves transparency in Maharashtra.,High Impact
The Administrative Procedure Simplification Bill modifies internal administrative processes and documentation standards in Kerala.,Low Impact
"Under the Digital Personal Data Protection Act, all government departments must release public data to citizens in Haryana.",High Impact
The Right to Information Act mandates public disclosure of government records and improves transparency in Bihar.,High Impact
The Motor Vehicles Act amendment on vehicle registration modifies internal administrative processes and documentation standards in Punjab.,Low Impact
This legislation strengthens citizen access to government information and accountability mechanisms in Tamil Nadu under the Digital Personal Data Protection Act.,High Impact
The Public Transport Permit Regulation regulates administrative procedures and operational guidelines for departments in Tamil Nadu.,Low Impact
"Under the Public Records Access Reform Act, all government departments must release public data to citizens in Andhra Pradesh.",High Impact
This policy revises standard office procedures and departmental management guidelines in Haryana.,Low Impact
The Open Government Data Policy introduces digital portals for public monitoring of government spending in Haryana.,High Impact
The Whistle Blowers Protection Act mandates public disclosure of government records and improves transparency in Karnataka.,High Impact
This legislation strengthens citizen access to government information and accountability mechanisms in Gujarat under the Open Government Data Policy.,High Impact
The Public Transport Permit Regulation introduces minor regulatory adjustments to administrative workflows in Assam.,Low Impact
The Motor Vehicles Act amendment on vehicle registration introduces minor regulatory adjustments to administrative workflows in Madhya Pradesh.,Low Impact
"Under the Public Procurement Transparency Bill, all government departments must release public data to citizens in Haryana.",High Impact
The Election Commission Transparency Reform Bill mandates public disclosure of government records and improves transparency in Karnataka.,High Impact
The Digital Personal Data Protection Act introduces digital portals for public monitoring of government spending in Bihar.,High Impact
"Under the Public Procurement Transparency Bill, all government departments must release public data to citizens in Gujarat.",High Impact
The Lokpal and Lokayuktas Act enhances transparency standards and civic oversight across administrative bodies in Assam.,High Impact
The Motor Vehicles Act amendment on vehicle registration introduces minor regulatory adjustments to administrative workflows in Punjab.,Low Impact
The Public Procurement Transparency Bill mandates public disclosure of government records and improves transparency in Telangana.,High Impact
The Public Office Infrastructure Maintenance Policy introduces minor regulatory adjustments to administrative workflows in Telangana.,Low Impact
The Public Office Infrastructure Maintenance Policy regulates administrative procedures and operational guidelines for departments in Punjab.,Low Impact
The Election Commission Transparency Reform Bill introduces digital portals for public monitoring of government spending in Kerala.,High Impact
This policy revises standard office procedures and departmental management guidelines in Madhya Pradesh.,Low Impact
This regulation updates routine government operational rules under the Public Office Infrastructure Maintenance Policy in West Bengal.,Low Impact
The Public Transport Permit Regulation modifies internal administrative processes and documentation standards in Madhya Pradesh.,Low Impact
The Public Records Access Reform Act mandates public disclosure of government records and improves transparency in West Bengal.,High Impact
The Government Accountability and Transparency Act introduces digital portals for public monitoring of government spending in Karnataka.,High Impact
The Election Commission Transparency Reform Bill mandates public disclosure of government records and improves transparency in Telangana.,High Impact
The Public Procurement Transparency Bill introduces digital portals for public monitoring of government spending in Odisha.,High Impact
The Public Office Infrastructure Maintenance Policy regulates administrative procedures and operational guidelines for departments in Bihar.,Low Impact
"Under the Open Government Data Policy, all government departments must release public data to citizens in Madhya Pradesh.",High Impact
The Administrative Procedure Simplification Bill introduces minor regulatory adjustments to administrative workflows in Odisha.,Low Impact
"Under the Digital Personal Data Protection Act, all government departments must release public data to citizens in Odisha.",High Impact
The Motor Vehicles Act amendment on vehicle registration modifies internal administrative processes and documentation standards in Punjab.,Low Impact
This regulation updates routine government operational rules under the Departmental Reporting Format Regulation in Madhya Pradesh.,Low Impact
This regulation updates routine government operational rules under the Municipal Parking Regulation Bill in Rajasthan.,Low Impact
This regulation updates routine government operational rules under the Public Office Infrastructure Maintenance Policy in Maharashtra.,Low Impact
This policy revises standard office procedures and departmental management guidelines in Odisha.,Low Impact
This regulation updates routine government operational rules under the Urban Traffic Management Amendment in Madhya Pradesh.,Low Impact
This regulation updates routine government operational rules under the Government Employee Leave Regulation Update in Rajasthan.,Low Impact
The Motor Vehicles Act amendment on vehicle registration modifies internal administrative processes and documentation standards in Bihar.,Low Impact
"Under the Anti-Corruption Amendment Bill, all government departments must release public data to citizens in Andhra Pradesh.",High Impact
This legislation strengthens citizen access to government information and accountability mechanisms in Punjab under the Whistle Blowers Protection Act.,High Impact
The Urban Traffic Management Amendment regulates administrative procedures and operational guidelines for departments in Maharashtra.,Low Impact
This legislation strengthens citizen access to government information and accountability mechanisms in Andhra Pradesh under the Right to Information Act.,High Impact
This policy revises standard office procedures and departmental management guidelines in Telangana.,Low Impact
The Government Employee Leave Regulation Update regulates administrative procedures and operational guidelines for departments in Uttar Pradesh.,Low Impact
This policy revises standard office procedures and departmental management guidelines in Andhra Pradesh.,Low Impact
The Municipal Parking Regulation Bill modifies internal administrative processes and documentation standards in Andhra Pradesh.,Low Impact
The Departmental Reporting Format Regulation regulates administrative procedures and operational guidelines for departments in Uttar Pradesh.,Low Impact
The Government Accountability and Transparency Act mandates public disclosure of government records and improves transparency in Assam.,High Impact
The Government Employee Leave Regulation Update modifies internal administrative processes and documentation standards in Haryana.,Low Impact
The Departmental Reporting Format Regulation introduces minor regulatory adjustments to administrative workflows in Bihar.,Low Impact
The Motor Vehicles Act amendment on vehicle registration regulates administrative procedures and operational guidelines for departments in Kerala.,Low Impact
The Urban Traffic Management Amendment regulates administrative procedures and operational guidelines for departments in Haryana.,Low Impact
The Whistle Blowers Protection Act enhances transparency standards and civic oversight across administrative bodies in Uttar Pradesh.,High Impact
This regulation updates routine government operational rules under the Departmental Reporting Format Regulation in Telangana.,Low Impact
The Urban Traffic Management Amendment introduces minor regulatory adjustments to administrative workflows in Uttar Pradesh.,Low Impact
This regulation updates routine government operational rules under the Municipal Parking Regulation Bill in Bihar.,Low Impact
This policy revises standard office procedures and departmental management guidelines in Madhya Pradesh.,Low Impact
The Departmental Reporting Format Regulation introduces minor regulatory adjustments to administrative workflows in Tamil Nadu.,Low Impact
This policy revises standard office procedures and departmental management guidelines in Madhya Pradesh.,Low Impact
This policy revises standard office procedures and departmental management guidelines in Punjab.,Low Impact
The Administrative Procedure Simplification Bill regulates administrative procedures and operational guidelines for departments in Maharashtra.,Low Impact
This policy revises standard office procedures and departmental management guidelines in Telangana.,Low Impact
The Municipal Parking Regulation Bill introduces minor regulatory adjustments to administrative workflows in Assam.,Low Impact
The Government Employee Leave Regulation Update modifies internal administrative processes and documentation standards in Uttar Pradesh.,Low Impact
"Under the Right to Information Act, all government departments must release public data to citizens in Tamil Nadu.",High Impact
The Departmental Reporting Format Regulation introduces minor regulatory adjustments to administrative workflows in West Bengal.,Low Impact
The Public Office Infrastructure Maintenance Policy regulates administrative procedures and operational guidelines for departments in Assam.,Low Impact
The Anti-Corruption Amendment Bill enhances transparency standards and civic oversight across administrative bodies in Gujarat.,High Impact
The Public Procurement Transparency Bill enhances transparency standards and civic oversight across administrative bodies in Rajasthan.,High Impact
The Right to Information Act mandates public disclosure of government records and improves transparency in Maharashtra.,High Impact
This policy revises standard office procedures and departmental management guidelines in Maharashtra.,Low Impact
The Open Government Data Policy mandates public disclosure of government records and improves transparency in Bihar.,High Impact
The State Vehicle Tax Adjustment Act regulates administrative procedures and operational guidelines for departments in Maharashtra.,Low Impact
The Departmental Reporting Format Regulation modifies internal administrative processes and documentation standards in Karnataka.,Low Impact
This legislation strengthens citizen access to government information and accountability mechanisms in Haryana under the Open Government Data Policy.,High Impact
The Public Procurement Transparency Bill mandates public disclosure of government records and improves transparency in Kerala.,High Impact
The Government Accountability and Transparency Act enhances transparency standards and civic oversight across administrative bodies in Andhra Pradesh.,High Impact
The Motor Vehicles Act amendment on vehicle registration regulates administrative procedures and operational guidelines for departments in Telangana.,Low Impact
The State Vehicle Tax Adjustment Act modifies internal administrative processes and documentation standards in Telangana.,Low Impact
The Right to Information Act introduces digital portals for public monitoring of government spending in Uttar Pradesh.,High Impact
This policy revises standard office procedures and departmental management guidelines in Bihar.,Low Impact
This legislation strengthens citizen access to government information and accountability mechanisms in Punjab under the Public Procurement Transparency Bill.,High Impact
This policy revises standard office procedures and departmental management guidelines in Odisha.,Low Impact
This regulation updates routine government operational rules under the Administrative Procedure Simplification Bill in Karnataka.,Low Impact
The Public Transport Permit Regulation regulates administrative procedures and operational guidelines for departments in Haryana.,Low Impact
The Digital Personal Data Protection Act enhances transparency standards and civic oversight across administrative bodies in Odisha.,High Impact
This legislation strengthens citizen access to government information and accountability mechanisms in Gujarat under the Government Accountability and Transparency Act.,High Impact
"Under the Public Records Access Reform Act, all government departments must release public data to citizens in Madhya Pradesh.",High Impact
The Municipal Parking Regulation Bill introduces minor regulatory adjustments to administrative workflows in Haryana.,Low Impact
This legislation strengthens citizen access to government information and accountability mechanisms in Andhra Pradesh under the Public Procurement Transparency Bill.,High Impact
"Under the Public Records Access Reform Act, all government departments must release public data to citizens in Punjab.",High Impact
"Under the Digital Personal Data Protection Act, all government departments must release public data to citizens in Gujarat.",High Impact
The Government Office Attendance Rule Update regulates administrative procedures and operational guidelines for departments in Telangana.,Low Impact
This policy revises standard office procedures and departmental management guidelines in Maharashtra.,Low Impact
The Government Accountability and Transparency Act introduces digital portals for public monitoring of government spending in Punjab.,High Impact
The Digital Personal Data Protection Act enhances transparency standards and civic oversight across administrative bodies in West Bengal.,High Impact
"Under the Public Records Access Reform Act, all government departments must release public data to citizens in Odisha.",High Impact
"Under the Whistle Blowers Protection Act, all government departments must release public data to citizens in Haryana.",High Impact
"Under the Government Accountability and Transparency Act, all government departments must release public data to citizens in Andhra Pradesh.",High Impact
The State Vehicle Tax Adjustment Act regulates administrative procedures and operational guidelines for departments in Kerala.,Low Impact
This regulation updates routine government operational rules under the Government Employee Leave Regulation Update in Bihar.,Low Impact
This legislation strengthens citizen access to government information and accountability mechanisms in Kerala under the Lokpal and Lokayuktas Act.,High Impact
The Digital Personal Data Protection Act introduces digital portals for public monitoring of government spending in Bihar.,High Impact
This regulation updates routine government operational rules under the Municipal Parking Regulation Bill in West Bengal.,Low Impact
The Public Procurement Transparency Bill enhances transparency standards and civic oversight across administrative bodies in Tamil Nadu.,High Impact
This regulation updates routine government operational rules under the State Vehicle Tax Adjustment Act in Gujarat.,Low Impact
The Lokpal and Lokayuktas Act introduces digital portals for public monitoring of government spending in Assam.,High Impact
The Lokpal and Lokayuktas Act mandates public disclosure of government records and improves transparency in Bihar.,High Impact
The Administrative Procedure Simplification Bill regulates administrative procedures and operational guidelines for departments in Andhra Pradesh.,Low Impact
The Public Records Access Reform Act mandates public disclosure of government records and improves transparency in Haryana.,High Impact
The Election Commission Transparency Reform Bill introduces digital portals for public monitoring of government spending in Bihar.,High Impact
The Government Employee Leave Regulation Update introduces minor regulatory adjustments to administrative workflows in Karnataka.,Low Impact
The Government Accountability and Transparency Act mandates public disclosure of government records and improves transparency in Telangana.,High Impact
The Government Office Attendance Rule Update regulates administrative procedures and operational guidelines for departments in West Bengal.,Low Impact
The Government Office Attendance Rule Update introduces minor regulatory adjustments to administrative workflows in Andhra Pradesh.,Low Impact
The Departmental Reporting Format Regulation regulates administrative procedures and operational guidelines for departments in Uttar Pradesh.,Low Impact
The Open Government Data Policy mandates public disclosure of government records and improves transparency in Madhya Pradesh.,High Impact
This legislation strengthens citizen access to government information and accountability mechanisms in Gujarat under the Anti-Corruption Amendment Bill.,High Impact
The Public Office Infrastructure Maintenance Policy modifies internal administrative processes and documentation standards in Tamil Nadu.,Low Impact
This legislation strengthens citizen access to government information and accountability mechanisms in Karnataka under the Government Accountability and Transparency Act.,High Impact
The Public Office Infrastructure Maintenance Policy regulates administrative procedures and operational guidelines for departments in Rajasthan.,Low Impact
"Under the Anti-Corruption Amendment Bill, all government departments must release public data to citizens in Andhra Pradesh.",High Impact
This policy revises standard office procedures and departmental management guidelines in Haryana.,Low Impact
This policy revises standard office procedures and departmental management guidelines in Rajasthan.,Low Impact
The Right to Information Act mandates public disclosure of government records and improves transparency in West Bengal.,High Impact
This policy revises standard office procedures and departmental management guidelines in Kerala.,Low Impact
The Urban Traffic Management Amendment regulates administrative procedures and operational guidelines for departments in Telangana.,Low Impact
The Government Employee Leave Regulation Update introduces minor regulatory adjustments to administrative workflows in Gujarat.,Low Impact
The Government Accountability and Transparency Act enhances transparency standards and civic oversight across administrative bodies in Bihar.,High Impact
This policy revises standard office procedures and departmental management guidelines in Tamil Nadu.,Low Impact
The Government Accountability and Transparency Act enhances transparency standards and civic oversight across administrative bodies in Andhra Pradesh.,High Impact
The Government Office Attendance Rule Update regulates administrative procedures and operational guidelines for departments in Bihar.,Low Impact
The Government Employee Leave Regulation Update introduces minor regulatory adjustments to administrative workflows in Maharashtra.,Low Impact
"Under the Digital Personal Data Protection Act, all government departments must release public data to citizens in Bihar.",High Impact
This policy revises standard office procedures and departmental management guidelines in Madhya Pradesh.,Low Impact
The Lokpal and Lokayuktas Act mandates public disclosure of government records and improves transparency in Telangana.,High Impact
The Public Transport Permit Regulation modifies internal administrative processes and documentation standards in Maharashtra.,Low Impact
The Municipal Parking Regulation Bill regulates administrative procedures and operational guidelines for departments in Maharashtra.,Low Impact
"Under the Whistle Blowers Protection Act, all government departments must release public data to citizens in Telangana.",High Impact
"Under the Election Commission Transparency Reform Bill, all government departments must release public data to citizens in Madhya Pradesh.",High Impact
The Public Office Infrastructure Maintenance Policy modifies internal administrative processes and documentation standards in Andhra Pradesh.,Low Impact
The State Vehicle Tax Adjustment Act modifies internal administrative processes and documentation standards in Rajasthan.,Low Impact
The Departmental Reporting Format Regulation modifies internal administrative processes and documentation standards in Bihar.,Low Impact
The Public Records Access Reform Act enhances transparency standards and civic oversight across administrative bodies in Maharashtra.,High Impact
This regulation updates routine government operational rules under the Departmental Reporting Format Regulation in Karnataka.,Low Impact
The State Vehicle Tax Adjustment Act regulates administrative procedures and operational guidelines for departments in Tamil Nadu.,Low Impact
The Right to Information Act enhances transparency standards and civic oversight across administrative bodies in Maharashtra.,High Impact
This regulation updates routine government operational rules under the Motor Vehicles Act amendment on vehicle registration in Rajasthan.,Low Impact
"Under the Government Accountability and Transparency Act, all government departments must release public data to citizens in Assam.",High Impact
The Government Accountability and Transparency Act mandates public disclosure of government records and improves transparency in Punjab.,High Impact
"Under the Lokpal and Lokayuktas Act, all government departments must release public data to citizens in Gujarat.",High Impact
This legislation strengthens citizen access to government information and accountability mechanisms in Bihar under the Election Commission Transparency Reform Bill.,High Impact
This regulation updates routine government operational rules under the Departmental Reporting Format Regulation in Rajasthan.,Low Impact
The Urban Traffic Management Amendment regulates administrative procedures and operational guidelines for departments in Maharashtra.,Low Impact
This legislation strengthens citizen access to government information and accountability mechanisms in West Bengal under the Whistle Blowers Protection Act.,High Impact
This policy revises standard office procedures and departmental management guidelines in Andhra Pradesh.,Low Impact
The Government Accountability and Transparency Act mandates public disclosure of government records and improves transparency in Kerala.,High Impact
This legislation strengthens citizen access to government information and accountability mechanisms in Rajasthan under the Digital Personal Data Protection Act.,High Impact
This policy revises standard office procedures and departmental management guidelines in Andhra Pradesh.,Low Impact
This regulation updates routine government operational rules under the State Vehicle Tax Adjustment Act in Odisha.,Low Impact
This legislation strengthens citizen access to government information and accountability mechanisms in Bihar under the Government Accountability and Transparency Act.,High Impact
This policy revises standard office procedures and departmental management guidelines in Bihar.,Low Impact
The Public Transport Permit Regulation introduces minor regulatory adjustments to administrative workflows in Odisha.,Low Impact
The Digital Personal Data Protection Act introduces digital portals for public monitoring of government spending in Andhra Pradesh.,High Impact
This policy revises standard office procedures and departmental management guidelines in Kerala.,Low Impact
The Government Office Attendance Rule Update regulates administrative procedures and operational guidelines for departments in Odisha.,Low Impact
The Government Accountability and Transparency Act introduces digital portals for public monitoring of government spending in Madhya Pradesh.,High Impact
The Government Office Attendance Rule Update regulates administrative procedures and operational guidelines for departments in Karnataka.,Low Impact
This regulation updates routine government operational rules under the Public Transport Permit Regulation in Tamil Nadu.,Low Impact
The Government Accountability and Transparency Act mandates public disclosure of government records and improves transparency in Assam.,High Impact
The Lokpal and Lokayuktas Act mandates public disclosure of government records and improves transparency in Odisha.,High Impact
The Government Employee Leave Regulation Update modifies internal administrative processes and documentation standards in Andhra Pradesh.,Low Impact
The Public Procurement Transparency Bill mandates public disclosure of government records and improves transparency in Bihar.,High Impact
The Public Transport Permit Regulation modifies internal administrative processes and documentation standards in Haryana.,Low Impact
This legislation strengthens citizen access to government information and accountability mechanisms in Karnataka under the Digital Personal Data Protection Act.,High Impact
The Election Commission Transparency Reform Bill introduces digital portals for public monitoring of government spending in Haryana.,High Impact
The Public Records Access Reform Act introduces digital portals for public monitoring of government spending in Gujarat.,High Impact
The Government Office Attendance Rule Update introduces minor regulatory adjustments to administrative workflows in Punjab.,Low Impact
"Under the Government Accountability and Transparency Act, all government departments must release public data to citizens in Punjab.",High Impact
The Government Office Attendance Rule Update modifies internal administrative processes and documentation standards in Telangana.,Low Impact
This regulation updates routine government operational rules under the Urban Traffic Management Amendment in Kerala.,Low Impact
The Lokpal and Lokayuktas Act introduces digital portals for public monitoring of government spending in Bihar.,High Impact
This regulation updates routine government operational rules under the State Vehicle Tax Adjustment Act in Andhra Pradesh.,Low Impact
The Government Employee Leave Regulation Update regulates administrative procedures and operational guidelines for departments in Karnataka.,Low Impact
The Lokpal and Lokayuktas Act introduces digital portals for public monitoring of government spending in Andhra Pradesh.,High Impact
The Departmental Reporting Format Regulation regulates administrative procedures and operational guidelines for departments in Rajasthan.,Low Impact
The Public Transport Permit Regulation modifies internal administrative processes and documentation standards in Maharashtra.,Low Impact
The Public Procurement Transparency Bill enhances transparency standards and civic oversight across administrative bodies in Gujarat.,High Impact
The Public Procurement Transparency Bill introduces digital portals for public monitoring of government spending in Punjab.,High Impact
"Under the Open Government Data Policy, all government departments must release public data to citizens in Assam.",High Impact
The Public Transport Permit Regulation regulates administrative procedures and operational guidelines for departments in Telangana.,Low Impact
The Government Accountability and Transparency Act enhances transparency standards and civic oversight across administrative bodies in Karnataka.,High Impact
The Municipal Parking Regulation Bill modifies internal administrative processes and documentation standards in Punjab.,Low Impact
This policy revises standard office procedures and departmental management guidelines in Karnataka.,Low Impact
This policy revises standard office procedures and departmental management guidelines in Karnataka.,Low Impact
The Government Employee Leave Regulation Update introduces minor regulatory adjustments to administrative workflows in Assam.,Low Impact
The Government Accountability and Transparency Act enhances transparency standards and civic oversight across administrative bodies in Assam.,High Impact
The Public Office Infrastructure Maintenance Policy modifies internal administrative processes and documentation standards in Madhya Pradesh.,Low Impact
The Digital Personal Data Protection Act introduces digital portals for public monitoring of government spending in West Bengal.,High Impact
"Under the Lokpal and Lokayuktas Act, all government departments must release public data to citizens in Tamil Nadu.",High Impact
This policy revises standard office procedures and departmental management guidelines in Odisha.,Low Impact
"Under the Anti-Corruption Amendment Bill, all government departments must release public data to citizens in Assam.",High Impact
The Anti-Corruption Amendment Bill enhances transparency standards and civic oversight across administrative bodies in Andhra Pradesh.,High Impact
"Under the Digital Personal Data Protection Act, all government departments must release public data to citizens in Assam.",High Impact
The Open Government Data Policy enhances transparency standards and civic oversight across administrative bodies in Rajasthan.,High Impact
The Municipal Parking Regulation Bill introduces minor regulatory adjustments to administrative workflows in Maharashtra.,Low Impact
The Digital Personal Data Protection Act introduces digital portals for public monitoring of government spending in Madhya Pradesh.,High Impact
The Public Records Access Reform Act mandates public disclosure of government records and improves transparency in Maharashtra.,High Impact
The Departmental Reporting Format Regulation introduces minor regulatory adjustments to administrative workflows in Karnataka.,Low Impact
This legislation strengthens citizen access to government information and accountability mechanisms in Kerala under the Public Procurement Transparency Bill.,High Impact
"Under the Right to Information Act, all government departments must release public data to citizens in Andhra Pradesh.",High Impact
This regulation updates routine government operational rules under the State Vehicle Tax Adjustment Act in Tamil Nadu.,Low Impact
The Anti-Corruption Amendment Bill enhances transparency standards and civic oversight across administrative bodies in Rajasthan.,High Impact
The Lokpal and Lokayuktas Act mandates public disclosure of government records and improves transparency in Madhya Pradesh.,High Impact
The Motor Vehicles Act amendment on vehicle registration introduces minor regulatory adjustments to administrative workflows in Haryana.,Low Impact
This policy revises standard office procedures and departmental management guidelines in Assam.,Low Impact
This legislation strengthens citizen access to government information and accountability mechanisms in Gujarat under the Lokpal and Lokayuktas Act.,High Impact
The Digital Personal Data Protection Act introduces digital portals for public monitoring of government spending in Punjab.,High Impact
This policy revises standard office procedures and departmental management guidelines in Assam.,Low Impact
The Departmental Reporting Format Regulation regulates administrative procedures and operational guidelines for departments in Assam.,Low Impact
The Government Office Attendance Rule Update regulates administrative procedures and operational guidelines for departments in Punjab.,Low Impact
This policy revises standard office procedures and departmental management guidelines in Andhra Pradesh.,Low Impact
The Public Records Access Reform Act enhances transparency standards and civic oversight across administrative bodies in Maharashtra.,High Impact
The Open Government Data Policy introduces digital portals for public monitoring of government spending in West Bengal.,High Impact
This regulation updates routine government operational rules under the State Vehicle Tax Adjustment Act in Karnataka.,Low Impact
The Departmental Reporting Format Regulation introduces minor regulatory adjustments to administrative workflows in Bihar.,Low Impact
The Public Transport Permit Regulation introduces minor regulatory adjustments to administrative workflows in Madhya Pradesh.,Low Impact
"Under the Right to Information Act, all government departments must release public data to citizens in West Bengal.",High Impact
The Urban Traffic Management Amendment introduces minor regulatory adjustments to administrative workflows in Kerala.,Low Impact
The Municipal Parking Regulation Bill introduces minor regulatory adjustments to administrative workflows in Haryana.,Low Impact
This legislation strengthens citizen access to government information and accountability mechanisms in Andhra Pradesh under the Right to Information Act.,High Impact
The Urban Traffic Management Amendment modifies internal administrative processes and documentation standards in Assam.,Low Impact
This policy revises standard office procedures and departmental management guidelines in Maharashtra.,Low Impact
The Departmental Reporting Format Regulation introduces minor regulatory adjustments to administrative workflows in Tamil Nadu.,Low Impact
This regulation updates routine government operational rules under the Administrative Procedure Simplification Bill in Assam.,Low Impact
The Urban Traffic Management Amendment regulates administrative procedures and operational guidelines for departments in Gujarat.,Low Impact
The Public Records Access Reform Act mandates public disclosure of government records and improves transparency in Uttar Pradesh.,High Impact
This regulation updates routine government operational rules under the Motor Vehicles Act amendment on vehicle registration in Andhra Pradesh.,Low Impact
The Digital Personal Data Protection Act mandates public disclosure of government records and improves transparency in Kerala.,High Impact
This regulation updates routine government operational rules under the Departmental Reporting Format Regulation in Assam.,Low Impact
The Right to Information Act enhances transparency standards and civic oversight across administrative bodies in Gujarat.,High Impact
The Digital Personal Data Protection Act introduces digital portals for public monitoring of government spending in Bihar.,High Impact
"Under the Anti-Corruption Amendment Bill, all government departments must release public data to citizens in Andhra Pradesh.",High Impact
The Public Office Infrastructure Maintenance Policy regulates administrative procedures and operational guidelines for departments in Assam.,Low Impact
The Public Records Access Reform Act introduces digital portals for public monitoring of government spending in Odisha.,High Impact
This policy revises standard office procedures and departmental management guidelines in Madhya Pradesh.,Low Impact
This regulation updates routine government operational rules under the Public Office Infrastructure Maintenance Policy in Telangana.,Low Impact
This legislation strengthens citizen access to government information and accountability mechanisms in Madhya Pradesh under the Whistle Blowers Protection Act.,High Impact
The Lokpal and Lokayuktas Act introduces digital portals for public monitoring of government spending in Kerala.,High Impact
The Government Office Attendance Rule Update introduces minor regulatory adjustments to administrative workflows in Bihar.,Low Impact
This regulation updates routine government operational rules under the Public Office Infrastructure Maintenance Policy in Maharashtra.,Low Impact
The Urban Traffic Management Amendment modifies internal administrative processes and documentation standards in Tamil Nadu.,Low Impact
This policy revises standard office procedures and departmental management guidelines in Rajasthan.,Low Impact
The Municipal Parking Regulation Bill modifies internal administrative processes and documentation standards in Maharashtra.,Low Impact
"Under the Right to Information Act, all government departments must release public data to citizens in Bihar.",High Impact
The Departmental Reporting Format Regulation regulates administrative procedures and operational guidelines for departments in West Bengal.,Low Impact
The Government Employee Leave Regulation Update introduces minor regulatory adjustments to administrative workflows in Tamil Nadu.,Low Impact
This legislation strengthens citizen access to government information and accountability mechanisms in Madhya Pradesh under the Right to Information Act.,High Impact
The Public Office Infrastructure Maintenance Policy regulates administrative procedures and operational guidelines for departments in Andhra Pradesh.,Low Impact
The Public Procurement Transparency Bill mandates public disclosure of government records and improves transparency in Odisha.,High Impact
"Under the Government Accountability and Transparency Act, all government departments must release public data to citizens in Odisha.",High Impact
The Lokpal and Lokayuktas Act introduces digital portals for public monitoring of government spending in Maharashtra.,High Impact
The Digital Personal Data Protection Act introduces digital portals for public monitoring of government spending in Karnataka.,High Impact
This policy revises standard office procedures and departmental management guidelines in Gujarat.,Low Impact
The Motor Vehicles Act amendment on vehicle registration regulates administrative procedures and operational guidelines for departments in Telangana.,Low Impact
This policy revises standard office procedures and departmental management guidelines in Gujarat.,Low Impact
"Under the Public Records Access Reform Act, all government departments must release public data to citizens in Madhya Pradesh.",High Impact
The Government Office Attendance Rule Update modifies internal administrative processes and documentation standards in Gujarat.,Low Impact
"Under the Government Accountability and Transparency Act, all government departments must release public data to citizens in Telangana.",High Impact
The Urban Traffic Management Amendment regulates administrative procedures and operational guidelines for departments in Telangana.,Low Impact
This legislation strengthens citizen access to government information and accountability mechanisms in Rajasthan under the Public Records Access Reform Act.,High Impact
"Under the Government Accountability and Transparency Act, all government departments must release public data to citizens in Rajasthan.",High Impact
This policy revises standard office procedures and departmental management guidelines in Bihar.,Low Impact
The Administrative Procedure Simplification Bill introduces minor regulatory adjustments to administrative workflows in Punjab.,Low Impact
This policy revises standard office procedures and departmental management guidelines in Bihar.,Low Impact
The Administrative Procedure Simplification Bill introduces minor regulatory adjustments to administrative workflows in Kerala.,Low Impact
The Election Commission Transparency Reform Bill mandates public disclosure of government records and improves transparency in Haryana.,High Impact
The Departmental Reporting Format Regulation introduces minor regulatory adjustments to administrative workflows in Assam.,Low Impact
The Election Commission Transparency Reform Bill mandates public disclosure of government records and improves transparency in Haryana.,High Impact
This regulation updates routine government operational rules under the Government Employee Leave Regulation Update in Uttar Pradesh.,Low Impact
This regulation updates routine government operational rules under the State Vehicle Tax Adjustment Act in Maharashtra.,Low Impact
This policy revises standard office procedures and departmental management guidelines in Kerala.,Low Impact
The Open Government Data Policy mandates public disclosure of government records and improves transparency in Tamil Nadu.,High Impact
The Public Office Infrastructure Maintenance Policy modifies internal administrative processes and documentation standards in Rajasthan.,Low Impact
This regulation updates routine government operational rules under the Motor Vehicles Act amendment on vehicle registration in Assam.,Low Impact
The Administrative Procedure Simplification Bill modifies internal administrative processes and documentation standards in Kerala.,Low Impact
This policy revises standard office procedures and departmental management guidelines in Telangana.,Low Impact
The Whistle Blowers Protection Act mandates public disclosure of government records and improves transparency in Gujarat.,High Impact
The Municipal Parking Regulation Bill regulates administrative procedures and operational guidelines for departments in Bihar.,Low Impact
The Lokpal and Lokayuktas Act mandates public disclosure of government records and improves transparency in Haryana.,High Impact
The Lokpal and Lokayuktas Act introduces digital portals for public monitoring of government spending in Tamil Nadu.,High Impact
This policy revises standard office procedures and departmental management guidelines in Bihar.,Low Impact
The Government Accountability and Transparency Act mandates public disclosure of government records and improves transparency in Gujarat.,High Impact
This legislation strengthens citizen access to government information and accountability mechanisms in Uttar Pradesh under the Open Government Data Policy.,High Impact
This policy revises standard office procedures and departmental management guidelines in Punjab.,Low Impact
This regulation updates routine government operational rules under the Administrative Procedure Simplification Bill in Bihar.,Low Impact
The Departmental Reporting Format Regulation introduces minor regulatory adjustments to administrative workflows in Odisha.,Low Impact
The Government Employee Leave Regulation Update regulates administrative procedures and operational guidelines for departments in Tamil Nadu.,Low Impact
The Open Government Data Policy mandates public disclosure of government records and improves transparency in Gujarat.,High Impact
The Open Government Data Policy mandates public disclosure of government records and improves transparency in Assam.,High Impact
The Public Office Infrastructure Maintenance Policy regulates administrative procedures and operational guidelines for departments in Telangana.,Low Impact
The Digital Personal Data Protection Act enhances transparency standards and civic oversight across administrative bodies in Punjab.,High Impact
The Urban Traffic Management Amendment regulates administrative procedures and operational guidelines for departments in Bihar.,Low Impact
The Digital Personal Data Protection Act mandates public disclosure of government records and improves transparency in West Bengal.,High Impact
This policy revises standard office procedures and departmental management guidelines in Karnataka.,Low Impact
The Government Accountability and Transparency Act mandates public disclosure of government records and improves transparency in West Bengal.,High Impact
This policy revises standard office procedures and departmental management guidelines in Madhya Pradesh.,Low Impact
The Motor Vehicles Act amendment on vehicle registration modifies internal administrative processes and documentation standards in Kerala.,Low Impact
The Departmental Reporting Format Regulation modifies internal administrative processes and documentation standards in Tamil Nadu.,Low Impact
"Under the Right to Information Act, all government departments must release public data to citizens in Assam.",High Impact
The State Vehicle Tax Adjustment Act modifies internal administrative processes and documentation standards in Rajasthan.,Low Impact
This policy revises standard office procedures and departmental management guidelines in Madhya Pradesh.,Low Impact
The Government Accountability and Transparency Act enhances transparency standards and civic oversight across administrative bodies in Haryana.,High Impact
The Lokpal and Lokayuktas Act enhances transparency standards and civic oversight across administrative bodies in Andhra Pradesh.,High Impact
The State Vehicle Tax Adjustment Act regulates administrative procedures and operational guidelines for departments in Assam.,Low Impact
The Public Records Access Reform Act enhances transparency standards and civic oversight across administrative bodies in Karnataka.,High Impact
This legislation strengthens citizen access to government information and accountability mechanisms in Maharashtra under the Public Procurement Transparency Bill.,High Impact
The State Vehicle Tax Adjustment Act modifies internal administrative processes and documentation standards in Punjab.,Low Impact
The Urban Traffic Management Amendment regulates administrative procedures and operational guidelines for departments in Telangana.,Low Impact
The Open Government Data Policy mandates public disclosure of government records and improves transparency in Telangana.,High Impact
The Public Office Infrastructure Maintenance Policy modifies internal administrative processes and documentation standards in Bihar.,Low Impact
The Government Accountability and Transparency Act introduces digital portals for public monitoring of government spending in Maharashtra.,High Impact
The Public Procurement Transparency Bill introduces digital portals for public monitoring of government spending in Rajasthan.,High Impact
This regulation updates routine government operational rules under the Public Transport Permit Regulation in Tamil Nadu.,Low Impact
"Under the Government Accountability and Transparency Act, all government departments must release public data to citizens in Haryana.",High Impact
The Public Procurement Transparency Bill introduces digital portals for public monitoring of government spending in Karnataka.,High Impact
The Election Commission Transparency Reform Bill enhances transparency standards and civic oversight across administrative bodies in Telangana.,High Impact
The Urban Traffic Management Amendment introduces minor regulatory adjustments to administrative workflows in Tamil Nadu.,Low Impact
This policy revises standard office procedures and departmental management guidelines in Punjab.,Low Impact
This policy revises standard office procedures and departmental management guidelines in West Bengal.,Low Impact
The Lokpal and Lokayuktas Act introduces digital portals for public monitoring of government spending in Telangana.,High Impact
This policy revises standard office procedures and departmental management guidelines in Andhra Pradesh.,Low Impact
The Public Records Access Reform Act mandates public disclosure of government records and improves transparency in Rajasthan.,High Impact
This legislation strengthens citizen access to government information and accountability mechanisms in Odisha under the Digital Personal Data Protection Act.,High Impact
The Digital Personal Data Protection Act mandates public disclosure of government records and improves transparency in Rajasthan.,High Impact
This policy revises standard office procedures and departmental management guidelines in Tamil Nadu.,Low Impact
This policy revises standard office procedures and departmental management guidelines in Madhya Pradesh.,Low Impact
The Public Transport Permit Regulation modifies internal administrative processes and documentation standards in Assam.,Low Impact
The Urban Traffic Management Amendment introduces minor regulatory adjustments to administrative workflows in Telangana.,Low Impact
The Lokpal and Lokayuktas Act enhances transparency standards and civic oversight across administrative bodies in Bihar.,High Impact
This regulation updates routine government operational rules under the Motor Vehicles Act amendment on vehicle registration in Gujarat.,Low Impact
The Government Office Attendance Rule Update introduces minor regulatory adjustments to administrative workflows in Punjab.,Low Impact
The Motor Vehicles Act amendment on vehicle registration modifies internal administrative processes and documentation standards in Odisha.,Low Impact
The Lokpal and Lokayuktas Act introduces digital portals for public monitoring of government spending in Assam.,High Impact
The Whistle Blowers Protection Act enhances transparency standards and civic oversight across administrative bodies in Madhya Pradesh.,High Impact
This regulation updates routine government operational rules under the Government Employee Leave Regulation Update in Telangana.,Low Impact
This policy revises standard office procedures and departmental management guidelines in Madhya Pradesh.,Low Impact
The Government Employee Leave Regulation Update regulates administrative procedures and operational guidelines for departments in Madhya Pradesh.,Low Impact
The Open Government Data Policy enhances transparency standards and civic oversight across administrative bodies in Telangana.,High Impact
The State Vehicle Tax Adjustment Act introduces minor regulatory adjustments to administrative workflows in Assam.,Low Impact
This regulation updates routine government operational rules under the Municipal Parking Regulation Bill in Tamil Nadu.,Low Impact
"Under the Open Government Data Policy, all government departments must release public data to citizens in Tamil Nadu.",High Impact
The Municipal Parking Regulation Bill introduces minor regulatory adjustments to administrative workflows in Gujarat.,Low Impact
The Election Commission Transparency Reform Bill mandates public disclosure of government records and improves transparency in Uttar Pradesh.,High Impact
The Departmental Reporting Format Regulation modifies internal administrative processes and documentation standards in West Bengal.,Low Impact
The Whistle Blowers Protection Act enhances transparency standards and civic oversight across administrative bodies in Haryana.,High Impact
The Administrative Procedure Simplification Bill regulates administrative procedures and operational guidelines for departments in Madhya Pradesh.,Low Impact
The Public Transport Permit Regulation regulates administrative procedures and operational guidelines for departments in Uttar Pradesh.,Low Impact
"Under the Digital Personal Data Protection Act, all government departments must release public data to citizens in Gujarat.",High Impact
The Motor Vehicles Act amendment on vehicle registration regulates administrative procedures and operational guidelines for departments in Karnataka.,Low Impact
The Election Commission Transparency Reform Bill enhances transparency standards and civic oversight across administrative bodies in Uttar Pradesh.,High Impact
This legislation strengthens citizen access to government information and accountability mechanisms in West Bengal under the Lokpal and Lokayuktas Act.,High Impact
This policy revises standard office procedures and departmental management guidelines in Kerala.,Low Impact
The Digital Personal Data Protection Act introduces digital portals for public monitoring of government spending in Karnataka.,High Impact
This legislation strengthens citizen access to government information and accountability mechanisms in Uttar Pradesh under the Election Commission Transparency Reform Bill.,High Impact
This legislation strengthens citizen access to government information and accountability mechanisms in Punjab under the Government Accountability and Transparency Act.,High Impact
The Motor Vehicles Act amendment on vehicle registration modifies internal administrative processes and documentation standards in Bihar.,Low Impact
The Election Commission Transparency Reform Bill introduces digital portals for public monitoring of government spending in Haryana.,High Impact
"Under the Whistle Blowers Protection Act, all government departments must release public data to citizens in Madhya Pradesh.",High Impact
The Public Transport Permit Regulation modifies internal administrative processes and documentation standards in Assam.,Low Impact
The Election Commission Transparency Reform Bill introduces digital portals for public monitoring of government spending in Telangana.,High Impact
The Urban Traffic Management Amendment introduces minor regulatory adjustments to administrative workflows in Assam.,Low Impact
"Under the Public Records Access Reform Act, all government departments must release public data to citizens in Madhya Pradesh.",High Impact
This policy revises standard office procedures and departmental management guidelines in Madhya Pradesh.,Low Impact
This legislation strengthens citizen access to government information and accountability mechanisms in Haryana under the Open Government Data Policy.,High Impact
The Government Employee Leave Regulation Update introduces minor regulatory adjustments to administrative workflows in Bihar.,Low Impact
This legislation strengthens citizen access to government information and accountability mechanisms in Kerala under the Open Government Data Policy.,High Impact
"Under the Whistle Blowers Protection Act, all government departments must release public data to citizens in Madhya Pradesh.",High Impact
This legislation strengthens citizen access to government information and accountability mechanisms in Odisha under the Election Commission Transparency Reform Bill.,High Impact
This policy revises standard office procedures and departmental management guidelines in Uttar Pradesh.,Low Impact
The Right to Information Act introduces digital portals for public monitoring of government spending in Rajasthan.,High Impact
This legislation strengthens citizen access to government information and accountability mechanisms in Madhya Pradesh under the Digital Personal Data Protection Act.,High Impact
The Right to Information Act introduces digital portals for public monitoring of government spending in Telangana.,High Impact
The Public Procurement Transparency Bill mandates public disclosure of government records and improves transparency in Haryana.,High Impact
This regulation updates routine government operational rules under the Urban Traffic Management Amendment in Odisha.,Low Impact
"Under the Lokpal and Lokayuktas Act, all government departments must release public data to citizens in Rajasthan.",High Impact
The State Vehicle Tax Adjustment Act modifies internal administrative processes and documentation standards in Assam.,Low Impact
The Digital Personal Data Protection Act mandates public disclosure of government records and improves transparency in West Bengal.,High Impact
The Departmental Reporting Format Regulation modifies internal administrative processes and documentation standards in Tamil Nadu.,Low Impact
The Digital Personal Data Protection Act mandates public disclosure of government records and improves transparency in Madhya Pradesh.,High Impact
The Digital Personal Data Protection Act enhances transparency standards and civic oversight across administrative bodies in Assam.,High Impact
The Urban Traffic Management Amendment modifies internal administrative processes and documentation standards in Kerala.,Low Impact
This regulation updates routine government operational rules under the Government Employee Leave Regulation Update in Maharashtra.,Low Impact
The State Vehicle Tax Adjustment Act modifies internal administrative processes and documentation standards in Punjab.,Low Impact
The Digital Personal Data Protection Act mandates public disclosure of government records and improves transparency in Andhra Pradesh.,High Impact
The Municipal Parking Regulation Bill regulates administrative procedures and operational guidelines for departments in Assam.,Low Impact
"Under the Digital Personal Data Protection Act, all government departments must release public data to citizens in Madhya Pradesh.",High Impact
The Election Commission Transparency Reform Bill introduces digital portals for public monitoring of government spending in Telangana.,High Impact
This policy revises standard office procedures and departmental management guidelines in Punjab.,Low Impact
This legislation strengthens citizen access to government information and accountability mechanisms in Bihar under the Election Commission Transparency Reform Bill.,High Impact
The Administrative Procedure Simplification Bill introduces minor regulatory adjustments to administrative workflows in Madhya Pradesh.,Low Impact
The Administrative Procedure Simplification Bill modifies internal administrative processes and documentation standards in Tamil Nadu.,Low Impact
The Anti-Corruption Amendment Bill introduces digital portals for public monitoring of government spending in Assam.,High Impact
This regulation updates routine government operational rules under the Government Employee Leave Regulation Update in Uttar Pradesh.,Low Impact
The Urban Traffic Management Amendment modifies internal administrative processes and documentation standards in Karnataka.,Low Impact
This policy revises standard office procedures and departmental management guidelines in Tamil Nadu.,Low Impact
This policy revises standard office procedures and departmental management guidelines in West Bengal.,Low Impact
This legislation strengthens citizen access to government information and accountability mechanisms in Madhya Pradesh under the Digital Personal Data Protection Act.,High Impact
The Election Commission Transparency Reform Bill enhances transparency standards and civic oversight across administrative bodies in Maharashtra.,High Impact
The Public Transport Permit Regulation modifies internal administrative processes and documentation standards in Madhya Pradesh.,Low Impact
The Digital Personal Data Protection Act enhances transparency standards and civic oversight across administrative bodies in Bihar.,High Impact
The Digital Personal Data Protection Act introduces digital portals for public monitoring of government spending in Uttar Pradesh.,High Impact
This regulation updates routine government operational rules under the Administrative Procedure Simplification Bill in Uttar Pradesh.,Low Impact
The Open Government Data Policy introduces digital portals for public monitoring of government spending in Haryana.,High Impact
This regulation updates routine government operational rules under the Municipal Parking Regulation Bill in Assam.,Low Impact
The Government Accountability and Transparency Act mandates public disclosure of government records and improves transparency in Madhya Pradesh.,High Impact
"Under the Open Government Data Policy, all government departments must release public data to citizens in Punjab.",High Impact
The Open Government Data Policy enhances transparency standards and civic oversight across administrative bodies in Kerala.,High Impact
The Departmental Reporting Format Regulation introduces minor regulatory adjustments to administrative workflows in Uttar Pradesh.,Low Impact
"Under the Election Commission Transparency Reform Bill, all government departments must release public data to citizens in Uttar Pradesh.",High Impact
The Government Office Attendance Rule Update regulates administrative procedures and operational guidelines for departments in Assam.,Low Impact
The Government Employee Leave Regulation Update modifies internal administrative processes and documentation standards in Karnataka.,Low Impact
The Anti-Corruption Amendment Bill mandates public disclosure of government records and improves transparency in Kerala.,High Impact
The Government Office Attendance Rule Update regulates administrative procedures and operational guidelines for departments in West Bengal.,Low Impact
This legislation strengthens citizen access to government information and accountability mechanisms in Telangana under the Lokpal and Lokayuktas Act.,High Impact
The Government Accountability and Transparency Act enhances transparency standards and civic oversight across administrative bodies in Madhya Pradesh.,High Impact
The Public Transport Permit Regulation modifies internal administrative processes and documentation standards in Rajasthan.,Low Impact
"Under the Open Government Data Policy, all government departments must release public data to citizens in Rajasthan.",High Impact
The Anti-Corruption Amendment Bill introduces digital portals for public monitoring of government spending in Haryana.,High Impact
This regulation updates routine government operational rules under the Urban Traffic Management Amendment in Tamil Nadu.,Low Impact
The Right to Information Act introduces digital portals for public monitoring of government spending in Odisha.,High Impact
The Public Records Access Reform Act enhances transparency standards and civic oversight across administrative bodies in Andhra Pradesh.,High Impact
The Administrative Procedure Simplification Bill regulates administrative procedures and operational guidelines for departments in Madhya Pradesh.,Low Impact
"Under the Digital Personal Data Protection Act, all government departments must release public data to citizens in Maharashtra.",High Impact
The Administrative Procedure Simplification Bill introduces minor regulatory adjustments to administrative workflows in Punjab.,Low Impact
The Government Accountability and Transparency Act introduces digital portals for public monitoring of government spending in Madhya Pradesh.,High Impact
"Under the Whistle Blowers Protection Act, all government departments must release public data to citizens in Uttar Pradesh.",High Impact
The Departmental Reporting Format Regulation introduces minor regulatory adjustments to administrative workflows in Madhya Pradesh.,Low Impact
The Administrative Procedure Simplification Bill regulates administrative procedures and operational guidelines for departments in Telangana.,Low Impact
The Government Office Attendance Rule Update regulates administrative procedures and operational guidelines for departments in West Bengal.,Low Impact
The Government Office Attendance Rule Update introduces minor regulatory adjustments to administrative workflows in Odisha.,Low Impact
The Government Office Attendance Rule Update regulates administrative procedures and operational guidelines for departments in Maharashtra.,Low Impact
The Urban Traffic Management Amendment introduces minor regulatory adjustments to administrative workflows in Andhra Pradesh.,Low Impact
The Government Employee Leave Regulation Update regulates administrative procedures and operational guidelines for departments in Kerala.,Low Impact
"Under the Lokpal and Lokayuktas Act, all government departments must release public data to citizens in Tamil Nadu.",High Impact
The Government Employee Leave Regulation Update modifies internal administrative processes and documentation standards in Punjab.,Low Impact
"Under the Digital Personal Data Protection Act, all government departments must release public data to citizens in Maharashtra.",High Impact
The Digital Personal Data Protection Act mandates public disclosure of government records and improves transparency in Andhra Pradesh.,High Impact
"Under the Open Government Data Policy, all government departments must release public data to citizens in Bihar.",High Impact
The Anti-Corruption Amendment Bill introduces digital portals for public monitoring of government spending in Haryana.,High Impact
This regulation updates routine government operational rules under the Government Employee Leave Regulation Update in Karnataka.,Low Impact
This policy revises standard office procedures and departmental management guidelines in Punjab.,Low Impact
The Whistle Blowers Protection Act introduces digital portals for public monitoring of government spending in Uttar Pradesh.,High Impact
"Under the Lokpal and Lokayuktas Act, all government departments must release public data to citizens in Punjab.",High Impact
The Open Government Data Policy introduces digital portals for public monitoring of government spending in Kerala.,High Impact
The State Vehicle Tax Adjustment Act regulates administrative procedures and operational guidelines for departments in Madhya Pradesh.,Low Impact
This regulation updates routine government operational rules under the Administrative Procedure Simplification Bill in Rajasthan.,Low Impact
The Administrative Procedure Simplification Bill introduces minor regulatory adjustments to administrative workflows in Assam.,Low Impact
This regulation updates routine government operational rules under the State Vehicle Tax Adjustment Act in Gujarat.,Low Impact
The Public Office Infrastructure Maintenance Policy introduces minor regulatory adjustments to administrative workflows in Madhya Pradesh.,Low Impact
This policy revises standard office procedures and departmental management guidelines in Andhra Pradesh.,Low Impact
The Administrative Procedure Simplification Bill regulates administrative procedures and operational guidelines for departments in Uttar Pradesh.,Low Impact
The Government Accountability and Transparency Act introduces digital portals for public monitoring of government spending in Odisha.,High Impact
The Election Commission Transparency Reform Bill introduces digital portals for public monitoring of government spending in Maharashtra.,High Impact
"Under the Digital Personal Data Protection Act, all government departments must release public data to citizens in Telangana.",High Impact
The Municipal Parking Regulation Bill modifies internal administrative processes and documentation standards in Telangana.,Low Impact
This legislation strengthens citizen access to government information and accountability mechanisms in Telangana under the Digital Personal Data Protection Act.,High Impact
The Government Employee Leave Regulation Update regulates administrative procedures and operational guidelines for departments in Tamil Nadu.,Low Impact
This regulation updates routine government operational rules under the Public Transport Permit Regulation in Andhra Pradesh.,Low Impact
This regulation updates routine government operational rules under the Administrative Procedure Simplification Bill in Tamil Nadu.,Low Impact
This regulation updates routine government operational rules under the Government Employee Leave Regulation Update in Rajasthan.,Low Impact
The Right to Information Act enhances transparency standards and civic oversight across administrative bodies in Gujarat.,High Impact
The Public Office Infrastructure Maintenance Policy introduces minor regulatory adjustments to administrative workflows in Madhya Pradesh.,Low Impact
The Departmental Reporting Format Regulation regulates administrative procedures and operational guidelines for departments in Andhra Pradesh.,Low Impact
The Digital Personal Data Protection Act enhances transparency standards and civic oversight across administrative bodies in Maharashtra.,High Impact
The Public Office Infrastructure Maintenance Policy introduces minor regulatory adjustments to administrative workflows in Haryana.,Low Impact
The Anti-Corruption Amendment Bill mandates public disclosure of government records and improves transparency in Kerala.,High Impact
This regulation updates routine government operational rules under the Motor Vehicles Act amendment on vehicle registration in Gujarat.,Low Impact
The Government Employee Leave Regulation Update introduces minor regulatory adjustments to administrative workflows in Karnataka.,Low Impact
This policy revises standard office procedures and departmental management guidelines in Tamil Nadu.,Low Impact
"Under the Government Accountability and Transparency Act, all government departments must release public data to citizens in Bihar.",High Impact
"Under the Lokpal and Lokayuktas Act, all government departments must release public data to citizens in Bihar.",High Impact
The Public Procurement Transparency Bill mandates public disclosure of government records and improves transparency in Rajasthan.,High Impact
The Public Procurement Transparency Bill introduces digital portals for public monitoring of government spending in Assam.,High Impact
This regulation updates routine government operational rules under the Motor Vehicles Act amendment on vehicle registration in Rajasthan.,Low Impact
The Whistle Blowers Protection Act mandates public disclosure of government records and improves transparency in Maharashtra.,High Impact
The Urban Traffic Management Amendment modifies internal administrative processes and documentation standards in Odisha.,Low Impact
The Government Employee Leave Regulation Update regulates administrative procedures and operational guidelines for departments in Assam.,Low Impact
The Open Government Data Policy enhances transparency standards and civic oversight across administrative bodies in Odisha.,High Impact
The Lokpal and Lokayuktas Act mandates public disclosure of government records and improves transparency in Haryana.,High Impact
The Anti-Corruption Amendment Bill mandates public disclosure of government records and improves transparency in Karnataka.,High Impact
The Public Transport Permit Regulation modifies internal administrative processes and documentation standards in Telangana.,Low Impact
"Under the Right to Information Act, all government departments must release public data to citizens in Gujarat.",High Impact
This legislation strengthens citizen access to government information and accountability mechanisms in Assam under the Public Procurement Transparency Bill.,High Impact
The Public Office Infrastructure Maintenance Policy introduces minor regulatory adjustments to administrative workflows in Madhya Pradesh.,Low Impact
This regulation updates routine government operational rules under the Government Employee Leave Regulation Update in Madhya Pradesh.,Low Impact
This legislation strengthens citizen access to government information and accountability mechanisms in Andhra Pradesh under the Lokpal and Lokayuktas Act.,High Impact
The Government Accountability and Transparency Act enhances transparency standards and civic oversight across administrative bodies in Andhra Pradesh.,High Impact
This policy revises standard office procedures and departmental management guidelines in West Bengal.,Low Impact
This legislation strengthens citizen access to government information and accountability mechanisms in Gujarat under the Digital Personal Data Protection Act.,High Impact
The Urban Traffic Management Amendment regulates administrative procedures and operational guidelines for departments in Andhra Pradesh.,Low Impact
The Government Accountability and Transparency Act introduces digital portals for public monitoring of government spending in Telangana.,High Impact
The Public Transport Permit Regulation regulates administrative procedures and operational guidelines for departments in Punjab.,Low Impact
The Anti-Corruption Amendment Bill enhances transparency standards and civic oversight across administrative bodies in Telangana.,High Impact
This regulation updates routine government operational rules under the Urban Traffic Management Amendment in Punjab.,Low Impact
The Government Employee Leave Regulation Update modifies internal administrative processes and documentation standards in Rajasthan.,Low Impact
The Election Commission Transparency Reform Bill mandates public disclosure of government records and improves transparency in Madhya Pradesh.,High Impact
This regulation updates routine government operational rules under the Public Transport Permit Regulation in Rajasthan.,Low Impact
The Lokpal and Lokayuktas Act introduces digital portals for public monitoring of government spending in Odisha.,High Impact
The Open Government Data Policy enhances transparency standards and civic oversight across administrative bodies in Andhra Pradesh.,High Impact
"Under the Public Records Access Reform Act, all government departments must release public data to citizens in Kerala.",High Impact
The Government Office Attendance Rule Update modifies internal administrative processes and documentation standards in Odisha.,Low Impact
The Open Government Data Policy enhances transparency standards and civic oversight across administrative bodies in Assam.,High Impact
This regulation updates routine government operational rules under the Public Office Infrastructure Maintenance Policy in Telangana.,Low Impact
This legislation strengthens citizen access to government information and accountability mechanisms in Assam under the Right to Information Act.,High Impact
This policy revises standard office procedures and departmental management guidelines in Odisha.,Low Impact
This legislation strengthens citizen access to government information and accountability mechanisms in Kerala under the Lokpal and Lokayuktas Act.,High Impact
This legislation strengthens citizen access to government information and accountability mechanisms in Gujarat under the Whistle Blowers Protection Act.,High Impact
The Urban Traffic Management Amendment regulates administrative procedures and operational guidelines for departments in Haryana.,Low Impact
The Right to Information Act enhances transparency standards and civic oversight across administrative bodies in Madhya Pradesh.,High Impact
"Under the Government Accountability and Transparency Act, all government departments must release public data to citizens in Andhra Pradesh.",High Impact
The Public Procurement Transparency Bill mandates public disclosure of government records and improves transparency in Telangana.,High Impact
The Public Records Access Reform Act enhances transparency standards and civic oversight across administrative bodies in Andhra Pradesh.,High Impact
The Government Accountability and Transparency Act mandates public disclosure of government records and improves transparency in Tamil Nadu.,High Impact
"Under the Government Accountability and Transparency Act, all government departments must release public data to citizens in Madhya Pradesh.",High Impact
"Under the Right to Information Act, all government departments must release public data to citizens in Gujarat.",High Impact
This legislation strengthens citizen access to government information and accountability mechanisms in Haryana under the Digital Personal Data Protection Act.,High Impact
The Public Transport Permit Regulation introduces minor regulatory adjustments to administrative workflows in Madhya Pradesh.,Low Impact
The Public Procurement Transparency Bill introduces digital portals for public monitoring of government spending in Telangana.,High Impact
This legislation strengthens citizen access to government information and accountability mechanisms in Karnataka under the Public Procurement Transparency Bill.,High Impact
The Government Office Attendance Rule Update introduces minor regulatory adjustments to administrative workflows in Bihar.,Low Impact
"Under the Lokpal and Lokayuktas Act, all government departments must release public data to citizens in Assam.",High Impact
This policy revises standard office procedures and departmental management guidelines in Madhya Pradesh.,Low Impact
The State Vehicle Tax Adjustment Act regulates administrative procedures and operational guidelines for departments in Maharashtra.,Low Impact
The Administrative Procedure Simplification Bill modifies internal administrative processes and documentation standards in Gujarat.,Low Impact
The State Vehicle Tax Adjustment Act modifies internal administrative processes and documentation standards in Punjab.,Low Impact
"Under the Public Procurement Transparency Bill, all government departments must release public data to citizens in Tamil Nadu.",High Impact
The Digital Personal Data Protection Act mandates public disclosure of government records and improves transparency in Odisha.,High Impact
This regulation updates routine government operational rules under the Urban Traffic Management Amendment in Rajasthan.,Low Impact
The Government Accountability and Transparency Act enhances transparency standards and civic oversight across administrative bodies in Odisha.,High Impact
The Digital Personal Data Protection Act introduces digital portals for public monitoring of government spending in Maharashtra.,High Impact
The Public Procurement Transparency Bill enhances transparency standards and civic oversight across administrative bodies in Maharashtra.,High Impact
The Lokpal and Lokayuktas Act mandates public disclosure of government records and improves transparency in Madhya Pradesh.,High Impact
The Public Procurement Transparency Bill mandates public disclosure of government records and improves transparency in Karnataka.,High Impact
"Under the Government Accountability and Transparency Act, all government departments must release public data to citizens in Tamil Nadu.",High Impact
The Urban Traffic Management Amendment modifies internal administrative processes and documentation standards in Punjab.,Low Impact
The Government Employee Leave Regulation Update regulates administrative procedures and operational guidelines for departments in Rajasthan.,Low Impact
This policy revises standard office procedures and departmental management guidelines in Rajasthan.,Low Impact
The Urban Traffic Management Amendment regulates administrative procedures and operational guidelines for departments in Rajasthan.,Low Impact
This policy revises standard office procedures and departmental management guidelines in Assam.,Low Impact
The State Vehicle Tax Adjustment Act introduces minor regulatory adjustments to administrative workflows in Gujarat.,Low Impact
This regulation updates routine government operational rules under the State Vehicle Tax Adjustment Act in Tamil Nadu.,Low Impact
The Digital Personal Data Protection Act mandates public disclosure of government records and improves transparency in Maharashtra.,High Impact
This policy revises standard office procedures and departmental management guidelines in Rajasthan.,Low Impact
The Anti-Corruption Amendment Bill enhances transparency standards and civic oversight across administrative bodies in Punjab.,High Impact
The Public Transport Permit Regulation regulates administrative procedures and operational guidelines for departments in Punjab.,Low Impact
The Public Transport Permit Regulation introduces minor regulatory adjustments to administrative workflows in Bihar.,Low Impact
This regulation updates routine government operational rules under the Urban Traffic Management Amendment in Assam.,Low Impact
This regulation updates routine government operational rules under the Public Office Infrastructure Maintenance Policy in West Bengal.,Low Impact
This legislation strengthens citizen access to government information and accountability mechanisms in Madhya Pradesh under the Whistle Blowers Protection Act.,High Impact
The Government Accountability and Transparency Act enhances transparency standards and civic oversight across administrative bodies in Karnataka.,High Impact
The Right to Information Act introduces digital portals for public monitoring of government spending in Kerala.,High Impact
The Government Accountability and Transparency Act mandates public disclosure of government records and improves transparency in Gujarat.,High Impact
The Public Records Access Reform Act introduces digital portals for public monitoring of government spending in Gujarat.,High Impact
The Public Office Infrastructure Maintenance Policy introduces minor regulatory adjustments to administrative workflows in Punjab.,Low Impact
The Administrative Procedure Simplification Bill regulates administrative procedures and operational guidelines for departments in Haryana.,Low Impact
This policy revises standard office procedures and departmental management guidelines in Gujarat.,Low Impact
This regulation updates routine government operational rules under the Administrative Procedure Simplification Bill in Odisha.,Low Impact
This legislation strengthens citizen access to government information and accountability mechanisms in Haryana under the Anti-Corruption Amendment Bill.,High Impact
This policy revises standard office procedures and departmental management guidelines in Telangana.,Low Impact
The Departmental Reporting Format Regulation modifies internal administrative processes and documentation standards in Haryana.,Low Impact
The Right to Information Act introduces digital portals for public monitoring of government spending in Uttar Pradesh.,High Impact
This policy revises standard office procedures and departmental management guidelines in Maharashtra.,Low Impact
The Government Office Attendance Rule Update regulates administrative procedures and operational guidelines for departments in Andhra Pradesh.,Low Impact
The State Vehicle Tax Adjustment Act introduces minor regulatory adjustments to administrative workflows in Karnataka.,Low Impact
The Motor Vehicles Act amendment on vehicle registration modifies internal administrative processes and documentation standards in Assam.,Low Impact
The Departmental Reporting Format Regulation modifies internal administrative processes and documentation standards in Gujarat.,Low Impact
"Under the Lokpal and Lokayuktas Act, all government departments must release public data to citizens in Madhya Pradesh.",High Impact
"Under the Open Government Data Policy, all government departments must release public data to citizens in Tamil Nadu.",High Impact
The Government Employee Leave Regulation Update modifies internal administrative processes and documentation standards in Andhra Pradesh.,Low Impact
This legislation strengthens citizen access to government information and accountability mechanisms in Assam under the Digital Personal Data Protection Act.,High Impact
The Open Government Data Policy enhances transparency standards and civic oversight across administrative bodies in Karnataka.,High Impact
The Right to Information Act mandates public disclosure of government records and improves transparency in Rajasthan.,High Impact
"Under the Whistle Blowers Protection Act, all government departments must release public data to citizens in Andhra Pradesh.",High Impact
The Election Commission Transparency Reform Bill mandates public disclosure of government records and improves transparency in Punjab.,High Impact
The Right to Information Act mandates public disclosure of government records and improves transparency in Bihar.,High Impact
The Public Transport Permit Regulation introduces minor regulatory adjustments to administrative workflows in Odisha.,Low Impact
This regulation updates routine government operational rules under the State Vehicle Tax Adjustment Act in Karnataka.,Low Impact
The Municipal Parking Regulation Bill modifies internal administrative processes and documentation standards in Kerala.,Low Impact
The Public Procurement Transparency Bill mandates public disclosure of government records and improves transparency in Bihar.,High Impact
This policy revises standard office procedures and departmental management guidelines in Haryana.,Low Impact
"Under the Lokpal and Lokayuktas Act, all government departments must release public data to citizens in Assam.",High Impact
The Public Transport Permit Regulation modifies internal administrative processes and documentation standards in Gujarat.,Low Impact
The Whistle Blowers Protection Act enhances transparency standards and civic oversight across administrative bodies in Uttar Pradesh.,High Impact
This policy revises standard office procedures and departmental management guidelines in Andhra Pradesh.,Low Impact
The Anti-Corruption Amendment Bill introduces digital portals for public monitoring of government spending in Karnataka.,High Impact
This policy revises standard office procedures and departmental management guidelines in Gujarat.,Low Impact
This regulation updates routine government operational rules under the Government Office Attendance Rule Update in Odisha.,Low Impact
The Open Government Data Policy mandates public disclosure of government records and improves transparency in Rajasthan.,High Impact
The Public Records Access Reform Act enhances transparency standards and civic oversight across administrative bodies in Andhra Pradesh.,High Impact
"Under the Election Commission Transparency Reform Bill, all government departments must release public data to citizens in Bihar.",High Impact
The Motor Vehicles Act amendment on vehicle registration introduces minor regulatory adjustments to administrative workflows in Maharashtra.,Low Impact
The Lokpal and Lokayuktas Act mandates public disclosure of government records and improves transparency in Gujarat.,High Impact
The Public Transport Permit Regulation regulates administrative procedures and operational guidelines for departments in Haryana.,Low Impact
The Municipal Parking Regulation Bill introduces minor regulatory adjustments to administrative workflows in Karnataka.,Low Impact
The Administrative Procedure Simplification Bill introduces minor regulatory adjustments to administrative workflows in Odisha.,Low Impact
The Anti-Corruption Amendment Bill mandates public disclosure of government records and improves transparency in Assam.,High Impact
The Anti-Corruption Amendment Bill enhances transparency standards and civic oversight across administrative bodies in Odisha.,High Impact
The Public Office Infrastructure Maintenance Policy regulates administrative procedures and operational guidelines for departments in Bihar.,Low Impact
The Open Government Data Policy mandates public disclosure of government records and improves transparency in Uttar Pradesh.,High Impact
The Government Office Attendance Rule Update introduces minor regulatory adjustments to administrative workflows in Tamil Nadu.,Low Impact
The Whistle Blowers Protection Act introduces digital portals for public monitoring of government spending in Haryana.,High Impact
This regulation updates routine government operational rules under the Government Office Attendance Rule Update in Bihar.,Low Impact
The State Vehicle Tax Adjustment Act regulates administrative procedures and operational guidelines for departments in Gujarat.,Low Impact
"Under the Public Records Access Reform Act, all government departments must release public data to citizens in Bihar.",High Impact
This legislation strengthens citizen access to government information and accountability mechanisms in Gujarat under the Election Commission Transparency Reform Bill.,High Impact
The Government Employee Leave Regulation Update regulates administrative procedures and operational guidelines for departments in Haryana.,Low Impact
This legislation strengthens citizen access to government information and accountability mechanisms in West Bengal under the Public Procurement Transparency Bill.,High Impact
"Under the Public Records Access Reform Act, all government departments must release public data to citizens in West Bengal.",High Impact
The Municipal Parking Regulation Bill introduces minor regulatory adjustments to administrative workflows in Assam.,Low Impact
"Under the Digital Personal Data Protection Act, all government departments must release public data to citizens in Assam.",High Impact
The Public Records Access Reform Act introduces digital portals for public monitoring of government spending in Maharashtra.,High Impact
"Under the Public Procurement Transparency Bill, all government departments must release public data to citizens in Assam.",High Impact
The Administrative Procedure Simplification Bill modifies internal administrative processes and documentation standards in Maharashtra.,Low Impact
This legislation strengthens citizen access to government information and accountability mechanisms in Madhya Pradesh under the Government Accountability and Transparency Act.,High Impact
"Under the Public Records Access Reform Act, all government departments must release public data to citizens in Rajasthan.",High Impact
The Digital Personal Data Protection Act mandates public disclosure of government records and improves transparency in Tamil Nadu.,High Impact
The State Vehicle Tax Adjustment Act modifies internal administrative processes and documentation standards in West Bengal.,Low Impact
The Digital Personal Data Protection Act mandates public disclosure of government records and improves transparency in Haryana.,High Impact
This regulation updates routine government operational rules under the Administrative Procedure Simplification Bill in West Bengal.,Low Impact
This legislation strengthens citizen access to government information and accountability mechanisms in Rajasthan under the Government Accountability and Transparency Act.,High Impact
The Whistle Blowers Protection Act mandates public disclosure of government records and improves transparency in Bihar.,High Impact
The Digital Personal Data Protection Act introduces digital portals for public monitoring of government spending in Gujarat.,High Impact
The Government Office Attendance Rule Update introduces minor regulatory adjustments to administrative workflows in Gujarat.,Low Impact
This policy revises standard office procedures and departmental management guidelines in Kerala.,Low Impact
The Lokpal and Lokayuktas Act enhances transparency standards and civic oversight across administrative bodies in Haryana.,High Impact
This regulation updates routine government operational rules under the State Vehicle Tax Adjustment Act in Andhra Pradesh.,Low Impact
The Public Procurement Transparency Bill introduces digital portals for public monitoring of government spending in West Bengal.,High Impact
"Under the Public Procurement Transparency Bill, all government departments must release public data to citizens in Assam.",High Impact
This legislation strengthens citizen access to government information and accountability mechanisms in West Bengal under the Public Procurement Transparency Bill.,High Impact
The Open Government Data Policy enhances transparency standards and civic oversight across administrative bodies in Telangana.,High Impact
This policy revises standard office procedures and departmental management guidelines in Rajasthan.,Low Impact
The Municipal Parking Regulation Bill modifies internal administrative processes and documentation standards in Uttar Pradesh.,Low Impact
The Municipal Parking Regulation Bill introduces minor regulatory adjustments to administrative workflows in Gujarat.,Low Impact
This regulation updates routine government operational rules under the Urban Traffic Management Amendment in Maharashtra.,Low Impact
The Lokpal and Lokayuktas Act introduces digital portals for public monitoring of government spending in Rajasthan.,High Impact
The Government Employee Leave Regulation Update modifies internal administrative processes and documentation standards in Rajasthan.,Low Impact
The Municipal Parking Regulation Bill regulates administrative procedures and operational guidelines for departments in Madhya Pradesh.,Low Impact
This policy revises standard office procedures and departmental management guidelines in Punjab.,Low Impact
The Public Transport Permit Regulation introduces minor regulatory adjustments to administrative workflows in West Bengal.,Low Impact
This legislation strengthens citizen access to government information and accountability mechanisms in West Bengal under the Whistle Blowers Protection Act.,High Impact
The State Vehicle Tax Adjustment Act modifies internal administrative processes and documentation standards in Madhya Pradesh.,Low Impact
The Public Procurement Transparency Bill introduces digital portals for public monitoring of government spending in Telangana.,High Impact
The Government Accountability and Transparency Act enhances transparency standards and civic oversight across administrative bodies in Andhra Pradesh.,High Impact
The Open Government Data Policy introduces digital portals for public monitoring of government spending in Maharashtra.,High Impact
The Public Procurement Transparency Bill enhances transparency standards and civic oversight across administrative bodies in Madhya Pradesh.,High Impact
This regulation updates routine government operational rules under the Administrative Procedure Simplification Bill in Odisha.,Low Impact
This legislation strengthens citizen access to government information and accountability mechanisms in Rajasthan under the Public Procurement Transparency Bill.,High Impact
"Under the Right to Information Act, all government departments must release public data to citizens in Maharashtra.",High Impact
This legislation strengthens citizen access to government information and accountability mechanisms in Tamil Nadu under the Government Accountability and Transparency Act.,High Impact
The Municipal Parking Regulation Bill modifies internal administrative processes and documentation standards in Bihar.,Low Impact
This legislation strengthens citizen access to government information and accountability mechanisms in Assam under the Public Procurement Transparency Bill.,High Impact
The Open Government Data Policy enhances transparency standards and civic oversight across administrative bodies in Haryana.,High Impact
"Under the Whistle Blowers Protection Act, all government departments must release public data to citizens in Tamil Nadu.",High Impact
The Public Office Infrastructure Maintenance Policy introduces minor regulatory adjustments to administrative workflows in Karnataka.,Low Impact
This legislation strengthens citizen access to government information and accountability mechanisms in Uttar Pradesh under the Government Accountability and Transparency Act.,High Impact
This regulation updates routine government operational rules under the Departmental Reporting Format Regulation in Uttar Pradesh.,Low Impact
"Under the Whistle Blowers Protection Act, all government departments must release public data to citizens in Andhra Pradesh.",High Impact
The Lokpal and Lokayuktas Act mandates public disclosure of government records and improves transparency in West Bengal.,High Impact
This legislation strengthens citizen access to government information and accountability mechanisms in Assam under the Right to Information Act.,High Impact
The Government Office Attendance Rule Update introduces minor regulatory adjustments to administrative workflows in Madhya Pradesh.,Low Impact
This policy revises standard office procedures and departmental management guidelines in Bihar.,Low Impact
The Government Office Attendance Rule Update introduces minor regulatory adjustments to administrative workflows in Telangana.,Low Impact
The Municipal Parking Regulation Bill regulates administrative procedures and operational guidelines for departments in Maharashtra.,Low Impact
The Government Employee Leave Regulation Update introduces minor regulatory adjustments to administrative workflows in Rajasthan.,Low Impact
The Departmental Reporting Format Regulation regulates administrative procedures and operational guidelines for departments in Tamil Nadu.,Low Impact
The Anti-Corruption Amendment Bill enhances transparency standards and civic oversight across administrative bodies in Madhya Pradesh.,High Impact
This policy revises standard office procedures and departmental management guidelines in Maharashtra.,Low Impact
This regulation updates routine government operational rules under the Public Transport Permit Regulation in Uttar Pradesh.,Low Impact
This legislation strengthens citizen access to government information and accountability mechanisms in Tamil Nadu under the Digital Personal Data Protection Act.,High Impact
The Election Commission Transparency Reform Bill mandates public disclosure of government records and improves transparency in Haryana.,High Impact
This legislation strengthens citizen access to government information and accountability mechanisms in Telangana under the Election Commission Transparency Reform Bill.,High Impact
This legislation strengthens citizen access to government information and accountability mechanisms in Gujarat under the Digital Personal Data Protection Act.,High Impact
The Government Employee Leave Regulation Update modifies internal administrative processes and documentation standards in Odisha.,Low Impact
The Whistle Blowers Protection Act introduces digital portals for public monitoring of government spending in Kerala.,High Impact
The Departmental Reporting Format Regulation regulates administrative procedures and operational guidelines for departments in Maharashtra.,Low Impact
The Open Government Data Policy mandates public disclosure of government records and improves transparency in Karnataka.,High Impact
The Digital Personal Data Protection Act enhances transparency standards and civic oversight across administrative bodies in Bihar.,High Impact
"Under the Whistle Blowers Protection Act, all government departments must release public data to citizens in Haryana.",High Impact
This regulation updates routine government operational rules under the Public Transport Permit Regulation in Haryana.,Low Impact
The Administrative Procedure Simplification Bill modifies internal administrative processes and documentation standards in Tamil Nadu.,Low Impact
The Motor Vehicles Act amendment on vehicle registration regulates administrative procedures and operational guidelines for departments in Haryana.,Low Impact
The Public Transport Permit Regulation modifies internal administrative processes and documentation standards in Karnataka.,Low Impact
The Municipal Parking Regulation Bill introduces minor regulatory adjustments to administrative workflows in Madhya Pradesh.,Low Impact
This regulation updates routine government operational rules under the Government Office Attendance Rule Update in Bihar.,Low Impact
The Anti-Corruption Amendment Bill introduces digital portals for public monitoring of government spending in West Bengal.,High Impact
This policy revises standard office procedures and departmental management guidelines in Haryana.,Low Impact
"Under the Public Procurement Transparency Bill, all government departments must release public data to citizens in Telangana.",High Impact
The Whistle Blowers Protection Act mandates public disclosure of government records and improves transparency in Maharashtra.,High Impact
The Public Transport Permit Regulation introduces minor regulatory adjustments to administrative workflows in Rajasthan.,Low Impact
This policy revises standard office procedures and departmental management guidelines in Uttar Pradesh.,Low Impact
The Right to Information Act mandates public disclosure of government records and improves transparency in Bihar.,High Impact
The Public Records Access Reform Act introduces digital portals for public monitoring of government spending in Rajasthan.,High Impact
The Anti-Corruption Amendment Bill introduces digital portals for public monitoring of government spending in West Bengal.,High Impact
The Administrative Procedure Simplification Bill introduces minor regulatory adjustments to administrative workflows in Madhya Pradesh.,Low Impact
This regulation updates routine government operational rules under the Departmental Reporting Format Regulation in Haryana.,Low Impact
The Government Office Attendance Rule Update regulates administrative procedures and operational guidelines for departments in Uttar Pradesh.,Low Impact
The Public Records Access Reform Act introduces digital portals for public monitoring of government spending in Telangana.,High Impact
The Whistle Blowers Protection Act enhances transparency standards and civic oversight across administrative bodies in Haryana.,High Impact
This policy revises standard office procedures and departmental management guidelines in Uttar Pradesh.,Low Impact
"Under the Lokpal and Lokayuktas Act, all government departments must release public data to citizens in Odisha.",High Impact
The Digital Personal Data Protection Act enhances transparency standards and civic oversight across administrative bodies in Tamil Nadu.,High Impact
The Lokpal and Lokayuktas Act mandates public disclosure of government records and improves transparency in Assam.,High Impact
The Municipal Parking Regulation Bill regulates administrative procedures and operational guidelines for departments in Kerala.,Low Impact
This regulation updates routine government operational rules under the Municipal Parking Regulation Bill in Assam.,Low Impact
The Motor Vehicles Act amendment on vehicle registration introduces minor regulatory adjustments to administrative workflows in Telangana.,Low Impact
This regulation updates routine government operational rules under the Departmental Reporting Format Regulation in Rajasthan.,Low Impact
The Whistle Blowers Protection Act introduces digital portals for public monitoring of government spending in Maharashtra.,High Impact
The Anti-Corruption Amendment Bill introduces digital portals for public monitoring of government spending in Kerala.,High Impact
The Open Government Data Policy introduces digital portals for public monitoring of government spending in Kerala.,High Impact
This legislation strengthens citizen access to government information and accountability mechanisms in Tamil Nadu under the Government Accountability and Transparency Act.,High Impact
This policy revises standard office procedures and departmental management guidelines in Rajasthan.,Low Impact
This regulation updates routine government operational rules under the Motor Vehicles Act amendment on vehicle registration in Telangana.,Low Impact
The Departmental Reporting Format Regulation introduces minor regulatory adjustments to administrative workflows in Bihar.,Low Impact
This regulation updates routine government operational rules under the Government Employee Leave Regulation Update in Assam.,Low Impact
This regulation updates routine government operational rules under the Municipal Parking Regulation Bill in West Bengal.,Low Impact
This legislation strengthens citizen access to government information and accountability mechanisms in Bihar under the Digital Personal Data Protection Act.,High Impact
The Election Commission Transparency Reform Bill introduces digital portals for public monitoring of government spending in Uttar Pradesh.,High Impact
The Municipal Parking Regulation Bill modifies internal administrative processes and documentation standards in Uttar Pradesh.,Low Impact
The Whistle Blowers Protection Act introduces digital portals for public monitoring of government spending in Maharashtra.,High Impact
This legislation strengthens citizen access to government information and accountability mechanisms in Madhya Pradesh under the Government Accountability and Transparency Act.,High Impact
The Right to Information Act mandates public disclosure of government records and improves transparency in Telangana.,High Impact
The Public Records Access Reform Act introduces digital portals for public monitoring of government spending in West Bengal.,High Impact
The Open Government Data Policy enhances transparency standards and civic oversight across administrative bodies in Gujarat.,High Impact
The Public Procurement Transparency Bill enhances transparency standards and civic oversight across administrative bodies in Maharashtra.,High Impact
The Lokpal and Lokayuktas Act introduces digital portals for public monitoring of government spending in Assam.,High Impact
The Departmental Reporting Format Regulation modifies internal administrative processes and documentation standards in Karnataka.,Low Impact
This policy revises standard office procedures and departmental management guidelines in Madhya Pradesh.,Low Impact
The Public Transport Permit Regulation regulates administrative procedures and operational guidelines for departments in Uttar Pradesh.,Low Impact
This legislation strengthens citizen access to government information and accountability mechanisms in Rajasthan under the Anti-Corruption Amendment Bill.,High Impact
The Administrative Procedure Simplification Bill regulates administrative procedures and operational guidelines for departments in Odisha.,Low Impact
The Public Procurement Transparency Bill enhances transparency standards and civic oversight across administrative bodies in West Bengal.,High Impact
The Government Employee Leave Regulation Update regulates administrative procedures and operational guidelines for departments in Andhra Pradesh.,Low Impact
"Under the Digital Personal Data Protection Act, all government departments must release public data to citizens in West Bengal.",High Impact
The Right to Information Act introduces digital portals for public monitoring of government spending in Haryana.,High Impact
The Urban Traffic Management Amendment regulates administrative procedures and operational guidelines for departments in Uttar Pradesh.,Low Impact
This regulation updates routine government operational rules under the Administrative Procedure Simplification Bill in Karnataka.,Low Impact
The Government Office Attendance Rule Update modifies internal administrative processes and documentation standards in Rajasthan.,Low Impact
The Election Commission Transparency Reform Bill mandates public disclosure of government records and improves transparency in Kerala.,High Impact
The Public Transport Permit Regulation regulates administrative procedures and operational guidelines for departments in Odisha.,Low Impact
"Under the Government Accountability and Transparency Act, all government departments must release public data to citizens in Andhra Pradesh.",High Impact
The Lokpal and Lokayuktas Act enhances transparency standards and civic oversight across administrative bodies in Punjab.,High Impact
"Under the Public Records Access Reform Act, all government departments must release public data to citizens in Odisha.",High Impact
This policy revises standard office procedures and departmental management guidelines in Telangana.,Low Impact
This legislation strengthens citizen access to government information and accountability mechanisms in Haryana under the Election Commission Transparency Reform Bill.,High Impact
This regulation updates routine government operational rules under the Departmental Reporting Format Regulation in Andhra Pradesh.,Low Impact
The State Vehicle Tax Adjustment Act regulates administrative procedures and operational guidelines for departments in Assam.,Low Impact
The Digital Personal Data Protection Act enhances transparency standards and civic oversight across administrative bodies in Assam.,High Impact
This policy revises standard office procedures and departmental management guidelines in Uttar Pradesh.,Low Impact
The Municipal Parking Regulation Bill modifies internal administrative processes and documentation standards in Tamil Nadu.,Low Impact
The Public Procurement Transparency Bill mandates public disclosure of government records and improves transparency in Bihar.,High Impact
The Administrative Procedure Simplification Bill introduces minor regulatory adjustments to administrative workflows in Andhra Pradesh.,Low Impact
The Public Records Access Reform Act introduces digital portals for public monitoring of government spending in Punjab.,High Impact
The Election Commission Transparency Reform Bill mandates public disclosure of government records and improves transparency in Tamil Nadu.,High Impact
The Government Employee Leave Regulation Update introduces minor regulatory adjustments to administrative workflows in Kerala.,Low Impact
This policy revises standard office procedures and departmental management guidelines in Andhra Pradesh.,Low Impact
The Government Employee Leave Regulation Update modifies internal administrative processes and documentation standards in Rajasthan.,Low Impact
This regulation updates routine government operational rules under the Government Employee Leave Regulation Update in Maharashtra.,Low Impact
This policy revises standard office procedures and departmental management guidelines in Madhya Pradesh.,Low Impact
The Government Accountability and Transparency Act introduces digital portals for public monitoring of government spending in Tamil Nadu.,High Impact
This legislation strengthens citizen access to government information and accountability mechanisms in Rajasthan under the Public Records Access Reform Act.,High Impact
The Public Procurement Transparency Bill enhances transparency standards and civic oversight across administrative bodies in Kerala.,High Impact
This policy revises standard office procedures and departmental management guidelines in West Bengal.,Low Impact
This legislation strengthens citizen access to government information and accountability mechanisms in Rajasthan under the Election Commission Transparency Reform Bill.,High Impact
The Government Employee Leave Regulation Update introduces minor regulatory adjustments to administrative workflows in Assam.,Low Impact
The Election Commission Transparency Reform Bill enhances transparency standards and civic oversight across administrative bodies in Bihar.,High Impact
The Government Employee Leave Regulation Update modifies internal administrative processes and documentation standards in Andhra Pradesh.,Low Impact
The Government Office Attendance Rule Update regulates administrative procedures and operational guidelines for departments in Uttar Pradesh.,Low Impact
This policy revises standard office procedures and departmental management guidelines in Kerala.,Low Impact
The Public Procurement Transparency Bill enhances transparency standards and civic oversight across administrative bodies in Bihar.,High Impact
"Under the Open Government Data Policy, all government departments must release public data to citizens in Karnataka.",High Impact
This legislation strengthens citizen access to government information and accountability mechanisms in Andhra Pradesh under the Open Government Data Policy.,High Impact
The Public Office Infrastructure Maintenance Policy modifies internal administrative processes and documentation standards in Gujarat.,Low Impact
The Motor Vehicles Act amendment on vehicle registration introduces minor regulatory adjustments to administrative workflows in West Bengal.,Low Impact
The Public Records Access Reform Act introduces digital portals for public monitoring of government spending in Telangana.,High Impact
This policy revises standard office procedures and departmental management guidelines in Madhya Pradesh.,Low Impact
The Government Office Attendance Rule Update introduces minor regulatory adjustments to administrative workflows in Andhra Pradesh.,Low Impact
"Under the Government Accountability and Transparency Act, all government departments must release public data to citizens in Odisha.",High Impact
The Government Employee Leave Regulation Update introduces minor regulatory adjustments to administrative workflows in Maharashtra.,Low Impact
The Election Commission Transparency Reform Bill introduces digital portals for public monitoring of government spending in West Bengal.,High Impact
This policy revises standard office procedures and departmental management guidelines in Odisha.,Low Impact
"Under the Public Procurement Transparency Bill, all government departments must release public data to citizens in Kerala.",High Impact
The State Vehicle Tax Adjustment Act regulates administrative procedures and operational guidelines for departments in Andhra Pradesh.,Low Impact
The Motor Vehicles Act amendment on vehicle registration regulates administrative procedures and operational guidelines for departments in Maharashtra.,Low Impact
The Whistle Blowers Protection Act introduces digital portals for public monitoring of government spending in Assam.,High Impact
This policy revises standard office procedures and departmental management guidelines in Madhya Pradesh.,Low Impact
The Digital Personal Data Protection Act enhances transparency standards and civic oversight across administrative bodies in Uttar Pradesh.,High Impact
The Anti-Corruption Amendment Bill introduces digital portals for public monitoring of government spending in Kerala.,High Impact
This policy revises standard office procedures and departmental management guidelines in Odisha.,Low Impact
The Right to Information Act enhances transparency standards and civic oversight across administrative bodies in Rajasthan.,High Impact
The Municipal Parking Regulation Bill regulates administrative procedures and operational guidelines for departments in Haryana.,Low Impact
This regulation updates routine government operational rules under the Public Office Infrastructure Maintenance Policy in Punjab.,Low Impact
The Digital Personal Data Protection Act mandates public disclosure of government records and improves transparency in Punjab.,High Impact
This policy revises standard office procedures and departmental management guidelines in Assam.,Low Impact
This policy revises standard office procedures and departmental management guidelines in Odisha.,Low Impact
This regulation updates routine government operational rules under the Government Office Attendance Rule Update in Telangana.,Low Impact
"Under the Anti-Corruption Amendment Bill, all government departments must release public data to citizens in Assam.",High Impact
This regulation updates routine government operational rules under the Public Transport Permit Regulation in Telangana.,Low Impact
The State Vehicle Tax Adjustment Act regulates administrative procedures and operational guidelines for departments in Telangana.,Low Impact
The Lokpal and Lokayuktas Act introduces digital portals for public monitoring of government spending in Karnataka.,High Impact
This legislation strengthens citizen access to government information and accountability mechanisms in Punjab under the Open Government Data Policy.,High Impact
The Anti-Corruption Amendment Bill introduces digital portals for public monitoring of government spending in Maharashtra.,High Impact
"Under the Public Procurement Transparency Bill, all government departments must release public data to citizens in Madhya Pradesh.",High Impact
The Open Government Data Policy enhances transparency standards and civic oversight across administrative bodies in Tamil Nadu.,High Impact
"Under the Whistle Blowers Protection Act, all government departments must release public data to citizens in Madhya Pradesh.",High Impact
This regulation updates routine government operational rules under the Departmental Reporting Format Regulation in Haryana.,Low Impact
The Whistle Blowers Protection Act enhances transparency standards and civic oversight across administrative bodies in Odisha.,High Impact
This regulation updates routine government operational rules under the Urban Traffic Management Amendment in Tamil Nadu.,Low Impact
This legislation strengthens citizen access to government information and accountability mechanisms in Haryana under the Anti-Corruption Amendment Bill.,High Impact
This regulation updates routine government operational rules under the Departmental Reporting Format Regulation in Madhya Pradesh.,Low Impact
This regulation updates routine government operational rules under the Departmental Reporting Format Regulation in Gujarat.,Low Impact
The Whistle Blowers Protection Act mandates public disclosure of government records and improves transparency in Maharashtra.,High Impact
This legislation strengthens citizen access to government information and accountability mechanisms in Assam under the Government Accountability and Transparency Act.,High Impact
This legislation strengthens citizen access to government information and accountability mechanisms in Madhya Pradesh under the Whistle Blowers Protection Act.,High Impact
This regulation updates routine government operational rules under the Public Transport Permit Regulation in Karnataka.,Low Impact
The Government Office Attendance Rule Update modifies internal administrative processes and documentation standards in Uttar Pradesh.,Low Impact
The Anti-Corruption Amendment Bill enhances transparency standards and civic oversight across administrative bodies in Haryana.,High Impact
The Government Accountability and Transparency Act enhances transparency standards and civic oversight across administrative bodies in Haryana.,High Impact
The Public Procurement Transparency Bill enhances transparency standards and civic oversight across administrative bodies in Telangana.,High Impact
The Public Procurement Transparency Bill introduces digital portals for public monitoring of government spending in West Bengal.,High Impact
The Municipal Parking Regulation Bill regulates administrative procedures and operational guidelines for departments in Tamil Nadu.,Low Impact
"Under the Digital Personal Data Protection Act, all government departments must release public data to citizens in Maharashtra.",High Impact
The Public Procurement Transparency Bill introduces digital portals for public monitoring of government spending in Uttar Pradesh.,High Impact
"Under the Lokpal and Lokayuktas Act, all government departments must release public data to citizens in Madhya Pradesh.",High Impact
The Public Office Infrastructure Maintenance Policy introduces minor regulatory adjustments to administrative workflows in Punjab.,Low Impact
The Lokpal and Lokayuktas Act mandates public disclosure of government records and improves transparency in Haryana.,High Impact
This policy revises standard office procedures and departmental management guidelines in Haryana.,Low Impact
The Lokpal and Lokayuktas Act enhances transparency standards and civic oversight across administrative bodies in Madhya Pradesh.,High Impact
The Open Government Data Policy enhances transparency standards and civic oversight across administrative bodies in Karnataka.,High Impact
The Public Procurement Transparency Bill mandates public disclosure of government records and improves transparency in Madhya Pradesh.,High Impact
The Whistle Blowers Protection Act mandates public disclosure of government records and improves transparency in Assam.,High Impact
This regulation updates routine government operational rules under the Government Office Attendance Rule Update in Uttar Pradesh.,Low Impact
The Anti-Corruption Amendment Bill enhances transparency standards and civic oversight across administrative bodies in Haryana.,High Impact
The Whistle Blowers Protection Act mandates public disclosure of government records and improves transparency in Madhya Pradesh.,High Impact
The Whistle Blowers Protection Act enhances transparency standards and civic oversight across administrative bodies in Bihar.,High Impact
The Public Records Access Reform Act enhances transparency standards and civic oversight across administrative bodies in Punjab.,High Impact
The Public Procurement Transparency Bill enhances transparency standards and civic oversight across administrative bodies in Madhya Pradesh.,High Impact
This regulation updates routine government operational rules under the Departmental Reporting Format Regulation in Kerala.,Low Impact
This regulation updates routine government operational rules under the Government Office Attendance Rule Update in Kerala.,Low Impact
The Departmental Reporting Format Regulation modifies internal administrative processes and documentation standards in Andhra Pradesh.,Low Impact
"Under the Right to Information Act, all government departments must release public data to citizens in West Bengal.",High Impact
This legislation strengthens citizen access to government information and accountability mechanisms in West Bengal under the Anti-Corruption Amendment Bill.,High Impact
The Right to Information Act introduces digital portals for public monitoring of government spending in Uttar Pradesh.,High Impact
"Under the Public Procurement Transparency Bill, all government departments must release public data to citizens in Andhra Pradesh.",High Impact
This regulation updates routine government operational rules under the State Vehicle Tax Adjustment Act in Karnataka.,Low Impact
The Lokpal and Lokayuktas Act enhances transparency standards and civic oversight across administrative bodies in Karnataka.,High Impact
This policy revises standard office procedures and departmental management guidelines in Madhya Pradesh.,Low Impact
This regulation updates routine government operational rules under the Administrative Procedure Simplification Bill in Karnataka.,Low Impact
The Digital Personal Data Protection Act introduces digital portals for public monitoring of government spending in Tamil Nadu.,High Impact
The Right to Information Act mandates public disclosure of government records and improves transparency in West Bengal.,High Impact
The Motor Vehicles Act amendment on vehicle registration regulates administrative procedures and operational guidelines for departments in Uttar Pradesh.,Low Impact
This policy revises standard office procedures and departmental management guidelines in Kerala.,Low Impact
The Digital Personal Data Protection Act enhances transparency standards and civic oversight across administrative bodies in Uttar Pradesh.,High Impact
The Anti-Corruption Amendment Bill enhances transparency standards and civic oversight across administrative bodies in Punjab.,High Impact
The Whistle Blowers Protection Act introduces digital portals for public monitoring of government spending in Kerala.,High Impact
The Administrative Procedure Simplification Bill regulates administrative procedures and operational guidelines for departments in Tamil Nadu.,Low Impact
The Right to Information Act mandates public disclosure of government records and improves transparency in Gujarat.,High Impact
This regulation updates routine government operational rules under the Municipal Parking Regulation Bill in West Bengal.,Low Impact
The Right to Information Act enhances transparency standards and civic oversight across administrative bodies in Kerala.,High Impact
This legislation strengthens citizen access to government information and accountability mechanisms in Kerala under the Public Procurement Transparency Bill.,High Impact
The Public Transport Permit Regulation introduces minor regulatory adjustments to administrative workflows in Maharashtra.,Low Impact
The Digital Personal Data Protection Act enhances transparency standards and civic oversight across administrative bodies in Telangana.,High Impact
This legislation strengthens citizen access to government information and accountability mechanisms in Haryana under the Lokpal and Lokayuktas Act.,High Impact
The Lokpal and Lokayuktas Act introduces digital portals for public monitoring of government spending in Gujarat.,High Impact
The Public Office Infrastructure Maintenance Policy introduces minor regulatory adjustments to administrative workflows in Punjab.,Low Impact
The Motor Vehicles Act amendment on vehicle registration introduces minor regulatory adjustments to administrative workflows in Haryana.,Low Impact
The Government Accountability and Transparency Act mandates public disclosure of government records and improves transparency in Andhra Pradesh.,High Impact
The Municipal Parking Regulation Bill modifies internal administrative processes and documentation standards in Gujarat.,Low Impact
The Open Government Data Policy mandates public disclosure of government records and improves transparency in Telangana.,High Impact
The Public Office Infrastructure Maintenance Policy regulates administrative procedures and operational guidelines for departments in Kerala.,Low Impact
The State Vehicle Tax Adjustment Act modifies internal administrative processes and documentation standards in Karnataka.,Low Impact
This regulation updates routine government operational rules under the Government Office Attendance Rule Update in Telangana.,Low Impact
The Motor Vehicles Act amendment on vehicle registration regulates administrative procedures and operational guidelines for departments in West Bengal.,Low Impact
The Departmental Reporting Format Regulation modifies internal administrative processes and documentation standards in Uttar Pradesh.,Low Impact
The Public Procurement Transparency Bill mandates public disclosure of government records and improves transparency in West Bengal.,High Impact
The Election Commission Transparency Reform Bill enhances transparency standards and civic oversight across administrative bodies in Tamil Nadu.,High Impact
The Public Procurement Transparency Bill enhances transparency standards and civic oversight across administrative bodies in Maharashtra.,High Impact
The State Vehicle Tax Adjustment Act modifies internal administrative processes and documentation standards in Haryana.,Low Impact
"Under the Open Government Data Policy, all government departments must release public data to citizens in Odisha.",High Impact
The State Vehicle Tax Adjustment Act introduces minor regulatory adjustments to administrative workflows in Uttar Pradesh.,Low Impact
This legislation strengthens citizen access to government information and accountability mechanisms in Odisha under the Lokpal and Lokayuktas Act.,High Impact
The Whistle Blowers Protection Act introduces digital portals for public monitoring of government spending in Uttar Pradesh.,High Impact
The Motor Vehicles Act amendment on vehicle registration regulates administrative procedures and operational guidelines for departments in Rajasthan.,Low Impact
The Motor Vehicles Act amendment on vehicle registration introduces minor regulatory adjustments to administrative workflows in Maharashtra.,Low Impact
The Government Employee Leave Regulation Update modifies internal administrative processes and documentation standards in Assam.,Low Impact
The Public Procurement Transparency Bill introduces digital portals for public monitoring of government spending in Haryana.,High Impact
The Open Government Data Policy mandates public disclosure of government records and improves transparency in Tamil Nadu.,High Impact
The Administrative Procedure Simplification Bill modifies internal administrative processes and documentation standards in Karnataka.,Low Impact
The Lokpal and Lokayuktas Act enhances transparency standards and civic oversight across administrative bodies in Rajasthan.,High Impact
The Public Office Infrastructure Maintenance Policy modifies internal administrative processes and documentation standards in West Bengal.,Low Impact
The Government Accountability and Transparency Act enhances transparency standards and civic oversight across administrative bodies in Gujarat.,High Impact
This regulation updates routine government operational rules under the State Vehicle Tax Adjustment Act in Haryana.,Low Impact
The Election Commission Transparency Reform Bill introduces digital portals for public monitoring of government spending in Andhra Pradesh.,High Impact
This legislation strengthens citizen access to government information and accountability mechanisms in Kerala under the Government Accountability and Transparency Act.,High Impact
The Public Records Access Reform Act enhances transparency standards and civic oversight across administrative bodies in Uttar Pradesh.,High Impact
The Election Commission Transparency Reform Bill mandates public disclosure of government records and improves transparency in Uttar Pradesh.,High Impact
The Motor Vehicles Act amendment on vehicle registration modifies internal administrative processes and documentation standards in West Bengal.,Low Impact
This legislation strengthens citizen access to government information and accountability mechanisms in Andhra Pradesh under the Lokpal and Lokayuktas Act.,High Impact
This legislation strengthens citizen access to government information and accountability mechanisms in Karnataka under the Election Commission Transparency Reform Bill.,High Impact
This policy revises standard office procedures and departmental management guidelines in Gujarat.,Low Impact
"Under the Open Government Data Policy, all government departments must release public data to citizens in Andhra Pradesh.",High Impact
This legislation strengthens citizen access to government information and accountability mechanisms in Assam under the Public Records Access Reform Act.,High Impact
"Under the Right to Information Act, all government departments must release public data to citizens in Telangana.",High Impact
"Under the Government Accountability and Transparency Act, all government departments must release public data to citizens in Rajasthan.",High Impact
"Under the Open Government Data Policy, all government departments must release public data to citizens in Maharashtra.",High Impact
The Administrative Procedure Simplification Bill introduces minor regulatory adjustments to administrative workflows in Gujarat.,Low Impact
The State Vehicle Tax Adjustment Act regulates administrative procedures and operational guidelines for departments in Gujarat.,Low Impact
The Departmental Reporting Format Regulation regulates administrative procedures and operational guidelines for departments in Tamil Nadu.,Low Impact
The Open Government Data Policy mandates public disclosure of government records and improves transparency in Telangana.,High Impact
This policy revises standard office procedures and departmental management guidelines in Punjab.,Low Impact
This regulation updates routine government operational rules under the Urban Traffic Management Amendment in West Bengal.,Low Impact
This regulation updates routine government operational rules under the Public Office Infrastructure Maintenance Policy in Karnataka.,Low Impact
This legislation strengthens citizen access to government information and accountability mechanisms in Uttar Pradesh under the Right to Information Act.,High Impact
The Digital Personal Data Protection Act mandates public disclosure of government records and improves transparency in Andhra Pradesh.,High Impact
The Public Records Access Reform Act enhances transparency standards and civic oversight across administrative bodies in Uttar Pradesh.,High Impact
The Motor Vehicles Act amendment on vehicle registration modifies internal administrative processes and documentation standards in Karnataka.,Low Impact
The Public Office Infrastructure Maintenance Policy regulates administrative procedures and operational guidelines for departments in Madhya Pradesh.,Low Impact
This regulation updates routine government operational rules under the Public Transport Permit Regulation in Bihar.,Low Impact
The Public Procurement Transparency Bill introduces digital portals for public monitoring of government spending in Maharashtra.,High Impact
This policy revises standard office procedures and departmental management guidelines in Maharashtra.,Low Impact
This legislation strengthens citizen access to government information and accountability mechanisms in Odisha under the Election Commission Transparency Reform Bill.,High Impact
The Anti-Corruption Amendment Bill mandates public disclosure of government records and improves transparency in Tamil Nadu.,High Impact
This regulation updates routine government operational rules under the Public Transport Permit Regulation in Tamil Nadu.,Low Impact
The Public Records Access Reform Act enhances transparency standards and civic oversight across administrative bodies in Telangana.,High Impact
This legislation strengthens citizen access to government information and accountability mechanisms in Madhya Pradesh under the Lokpal and Lokayuktas Act.,High Impact
The Motor Vehicles Act amendment on vehicle registration modifies internal administrative processes and documentation standards in Maharashtra.,Low Impact
The Public Procurement Transparency Bill mandates public disclosure of government records and improves transparency in Tamil Nadu.,High Impact
This regulation updates routine government operational rules under the Public Transport Permit Regulation in Madhya Pradesh.,Low Impact
The Departmental Reporting Format Regulation regulates administrative procedures and operational guidelines for departments in Kerala.,Low Impact
The Anti-Corruption Amendment Bill introduces digital portals for public monitoring of government spending in Assam.,High Impact
This policy revises standard office procedures and departmental management guidelines in Gujarat.,Low Impact
The Election Commission Transparency Reform Bill mandates public disclosure of government records and improves transparency in Kerala.,High Impact
The Right to Information Act introduces digital portals for public monitoring of government spending in Haryana.,High Impact
This policy revises standard office procedures and departmental management guidelines in Andhra Pradesh.,Low Impact
This regulation updates routine government operational rules under the Departmental Reporting Format Regulation in Odisha.,Low Impact
The Urban Traffic Management Amendment introduces minor regulatory adjustments to administrative workflows in Uttar Pradesh.,Low Impact
The Open Government Data Policy mandates public disclosure of government records and improves transparency in Maharashtra.,High Impact
The Right to Information Act enhances transparency standards and civic oversight across administrative bodies in Odisha.,High Impact
The Open Government Data Policy introduces digital portals for public monitoring of government spending in Karnataka.,High Impact
The Public Procurement Transparency Bill enhances transparency standards and civic oversight across administrative bodies in Madhya Pradesh.,High Impact
The Public Transport Permit Regulation introduces minor regulatory adjustments to administrative workflows in Telangana.,Low Impact
"Under the Digital Personal Data Protection Act, all government departments must release public data to citizens in Maharashtra.",High Impact
The Digital Personal Data Protection Act introduces digital portals for public monitoring of government spending in Haryana.,High Impact
The Public Records Access Reform Act introduces digital portals for public monitoring of government spending in Uttar Pradesh.,High Impact
The Whistle Blowers Protection Act introduces digital portals for public monitoring of government spending in Gujarat.,High Impact
This legislation strengthens citizen access to government information and accountability mechanisms in Kerala under the Public Procurement Transparency Bill.,High Impact
The Government Office Attendance Rule Update introduces minor regulatory adjustments to administrative workflows in Punjab.,Low Impact
The Municipal Parking Regulation Bill introduces minor regulatory adjustments to administrative workflows in Telangana.,Low Impact
The Departmental Reporting Format Regulation modifies internal administrative processes and documentation standards in Tamil Nadu.,Low Impact
The Government Accountability and Transparency Act enhances transparency standards and civic oversight across administrative bodies in Andhra Pradesh.,High Impact
The Digital Personal Data Protection Act mandates public disclosure of government records and improves transparency in Madhya Pradesh.,High Impact
The Government Office Attendance Rule Update regulates administrative procedures and operational guidelines for departments in Rajasthan.,Low Impact
The State Vehicle Tax Adjustment Act introduces minor regulatory adjustments to administrative workflows in Andhra Pradesh.,Low Impact
The Government Office Attendance Rule Update introduces minor regulatory adjustments to administrative workflows in Tamil Nadu.,Low Impact
The Government Accountability and Transparency Act mandates public disclosure of government records and improves transparency in Madhya Pradesh.,High Impact
The Lokpal and Lokayuktas Act mandates public disclosure of government records and improves transparency in Odisha.,High Impact
This legislation strengthens citizen access to government information and accountability mechanisms in Bihar under the Digital Personal Data Protection Act.,High Impact
The Open Government Data Policy introduces digital portals for public monitoring of government spending in Madhya Pradesh.,High Impact
The Public Office Infrastructure Maintenance Policy regulates administrative procedures and operational guidelines for departments in Uttar Pradesh.,Low Impact
The Public Transport Permit Regulation regulates administrative procedures and operational guidelines for departments in Tamil Nadu.,Low Impact
The Right to Information Act mandates public disclosure of government records and improves transparency in Haryana.,High Impact
The Digital Personal Data Protection Act introduces digital portals for public monitoring of government spending in Odisha.,High Impact
The Public Office Infrastructure Maintenance Policy introduces minor regulatory adjustments to administrative workflows in Punjab.,Low Impact
The Public Office Infrastructure Maintenance Policy modifies internal administrative processes and documentation standards in Assam.,Low Impact
The Open Government Data Policy enhances transparency standards and civic oversight across administrative bodies in Karnataka.,High Impact
The Government Accountability and Transparency Act mandates public disclosure of government records and improves transparency in Karnataka.,High Impact
This legislation strengthens citizen access to government information and accountability mechanisms in Tamil Nadu under the Digital Personal Data Protection Act.,High Impact
The Public Office Infrastructure Maintenance Policy introduces minor regulatory adjustments to administrative workflows in Gujarat.,Low Impact
This legislation strengthens citizen access to government information and accountability mechanisms in Rajasthan under the Public Records Access Reform Act.,High Impact
The Public Office Infrastructure Maintenance Policy regulates administrative procedures and operational guidelines for departments in Andhra Pradesh.,Low Impact
This legislation strengthens citizen access to government information and accountability mechanisms in Madhya Pradesh under the Open Government Data Policy.,High Impact
The Lokpal and Lokayuktas Act mandates public disclosure of government records and improves transparency in Rajasthan.,High Impact
The State Vehicle Tax Adjustment Act modifies internal administrative processes and documentation standards in Rajasthan.,Low Impact
The State Vehicle Tax Adjustment Act introduces minor regulatory adjustments to administrative workflows in Bihar.,Low Impact
This regulation updates routine government operational rules under the Public Office Infrastructure Maintenance Policy in Karnataka.,Low Impact
The Urban Traffic Management Amendment regulates administrative procedures and operational guidelines for departments in Gujarat.,Low Impact
This legislation strengthens citizen access to government information and accountability mechanisms in Madhya Pradesh under the Government Accountability and Transparency Act.,High Impact
The Urban Traffic Management Amendment modifies internal administrative processes and documentation standards in Telangana.,Low Impact
This legislation strengthens citizen access to government information and accountability mechanisms in Tamil Nadu under the Election Commission Transparency Reform Bill.,High Impact
The Anti-Corruption Amendment Bill mandates public disclosure of government records and improves transparency in Telangana.,High Impact
The Administrative Procedure Simplification Bill introduces minor regulatory adjustments to administrative workflows in Rajasthan.,Low Impact
The Lokpal and Lokayuktas Act introduces digital portals for public monitoring of government spending in Telangana.,High Impact
The Administrative Procedure Simplification Bill introduces minor regulatory adjustments to administrative workflows in Tamil Nadu.,Low Impact
The Municipal Parking Regulation Bill modifies internal administrative processes and documentation standards in Rajasthan.,Low Impact
The Public Records Access Reform Act introduces digital portals for public monitoring of government spending in Haryana.,High Impact
The Digital Personal Data Protection Act enhances transparency standards and civic oversight across administrative bodies in West Bengal.,High Impact
The Municipal Parking Regulation Bill introduces minor regulatory adjustments to administrative workflows in West Bengal.,Low Impact
The Public Transport Permit Regulation regulates administrative procedures and operational guidelines for departments in Punjab.,Low Impact
"Under the Right to Information Act, all government departments must release public data to citizens in Maharashtra.",High Impact
The Anti-Corruption Amendment Bill mandates public disclosure of government records and improves transparency in Madhya Pradesh.,High Impact
"Under the Election Commission Transparency Reform Bill, all government departments must release public data to citizens in Bihar.",High Impact
The Public Office Infrastructure Maintenance Policy modifies internal administrative processes and documentation standards in Odisha.,Low Impact
This policy revises standard office procedures and departmental management guidelines in Bihar.,Low Impact
The Urban Traffic Management Amendment introduces minor regulatory adjustments to administrative workflows in Karnataka.,Low Impact
This regulation updates routine government operational rules under the Municipal Parking Regulation Bill in West Bengal.,Low Impact
This regulation updates routine government operational rules under the Government Employee Leave Regulation Update in Odisha.,Low Impact
The Departmental Reporting Format Regulation modifies internal administrative processes and documentation standards in Maharashtra.,Low Impact
"Under the Anti-Corruption Amendment Bill, all government departments must release public data to citizens in West Bengal.",High Impact
This regulation updates routine government operational rules under the Public Office Infrastructure Maintenance Policy in Assam.,Low Impact
The Government Office Attendance Rule Update modifies internal administrative processes and documentation standards in Kerala.,Low Impact
This regulation updates routine government operational rules under the State Vehicle Tax Adjustment Act in Kerala.,Low Impact
The Whistle Blowers Protection Act introduces digital portals for public monitoring of government spending in Kerala.,High Impact
This policy revises standard office procedures and departmental management guidelines in Uttar Pradesh.,Low Impact
The Departmental Reporting Format Regulation modifies internal administrative processes and documentation standards in Kerala.,Low Impact
This regulation updates routine government operational rules under the Government Employee Leave Regulation Update in Telangana.,Low Impact
The Right to Information Act introduces digital portals for public monitoring of government spending in Rajasthan.,High Impact
The State Vehicle Tax Adjustment Act regulates administrative procedures and operational guidelines for departments in Odisha.,Low Impact
The Right to Information Act introduces digital portals for public monitoring of government spending in Bihar.,High Impact
This policy revises standard office procedures and departmental management guidelines in Odisha.,Low Impact
"Under the Open Government Data Policy, all government departments must release public data to citizens in Odisha.",High Impact
The Government Employee Leave Regulation Update modifies internal administrative processes and documentation standards in Assam.,Low Impact
This legislation strengthens citizen access to government information and accountability mechanisms in Gujarat under the Public Records Access Reform Act.,High Impact
This legislation strengthens citizen access to government information and accountability mechanisms in Andhra Pradesh under the Open Government Data Policy.,High Impact
The Departmental Reporting Format Regulation regulates administrative procedures and operational guidelines for departments in Karnataka.,Low Impact
The Administrative Procedure Simplification Bill regulates administrative procedures and operational guidelines for departments in Haryana.,Low Impact
"Under the Public Procurement Transparency Bill, all government departments must release public data to citizens in Haryana.",High Impact
The Government Office Attendance Rule Update regulates administrative procedures and operational guidelines for departments in Bihar.,Low Impact
This policy revises standard office procedures and departmental management guidelines in Andhra Pradesh.,Low Impact
This policy revises standard office procedures and departmental management guidelines in Uttar Pradesh.,Low Impact
This regulation updates routine government operational rules under the Municipal Parking Regulation Bill in Karnataka.,Low Impact
The Administrative Procedure Simplification Bill modifies internal administrative processes and documentation standards in Punjab.,Low Impact
The Urban Traffic Management Amendment regulates administrative procedures and operational guidelines for departments in Telangana.,Low Impact
This regulation updates routine government operational rules under the Public Transport Permit Regulation in Karnataka.,Low Impact
The Municipal Parking Regulation Bill modifies internal administrative processes and documentation standards in Assam.,Low Impact
The Election Commission Transparency Reform Bill mandates public disclosure of government records and improves transparency in Tamil Nadu.,High Impact
This legislation strengthens citizen access to government information and accountability mechanisms in Kerala under the Lokpal and Lokayuktas Act.,High Impact
The Motor Vehicles Act amendment on vehicle registration regulates administrative procedures and operational guidelines for departments in Bihar.,Low Impact
"Under the Right to Information Act, all government departments must release public data to citizens in Punjab.",High Impact
The Government Accountability and Transparency Act mandates public disclosure of government records and improves transparency in Uttar Pradesh.,High Impact
The Urban Traffic Management Amendment introduces minor regulatory adjustments to administrative workflows in Karnataka.,Low Impact
The Departmental Reporting Format Regulation modifies internal administrative processes and documentation standards in Madhya Pradesh.,Low Impact
The Digital Personal Data Protection Act mandates public disclosure of government records and improves transparency in Haryana.,High Impact
This policy revises standard office procedures and departmental management guidelines in Gujarat.,Low Impact
This legislation strengthens citizen access to government information and accountability mechanisms in Bihar under the Open Government Data Policy.,High Impact
The Lokpal and Lokayuktas Act enhances transparency standards and civic oversight across administrative bodies in Gujarat.,High Impact
The Election Commission Transparency Reform Bill enhances transparency standards and civic oversight across administrative bodies in Tamil Nadu.,High Impact
The Public Transport Permit Regulation regulates administrative procedures and operational guidelines for departments in Karnataka.,Low Impact
The Public Office Infrastructure Maintenance Policy introduces minor regulatory adjustments to administrative workflows in Telangana.,Low Impact
The Public Transport Permit Regulation modifies internal administrative processes and documentation standards in Rajasthan.,Low Impact
The Open Government Data Policy mandates public disclosure of government records and improves transparency in Assam.,High Impact
The Public Transport Permit Regulation regulates administrative procedures and operational guidelines for departments in Telangana.,Low Impact
The Right to Information Act enhances transparency standards and civic oversight across administrative bodies in Madhya Pradesh.,High Impact
"Under the Digital Personal Data Protection Act, all government departments must release public data to citizens in Assam.",High Impact
The Municipal Parking Regulation Bill modifies internal administrative processes and documentation standards in Odisha.,Low Impact
This legislation strengthens citizen access to government information and accountability mechanisms in Kerala under the Public Procurement Transparency Bill.,High Impact
This legislation strengthens citizen access to government information and accountability mechanisms in Rajasthan under the Whistle Blowers Protection Act.,High Impact
The Lokpal and Lokayuktas Act mandates public disclosure of government records and improves transparency in Tamil Nadu.,High Impact
The Whistle Blowers Protection Act mandates public disclosure of government records and improves transparency in Maharashtra.,High Impact
The Anti-Corruption Amendment Bill enhances transparency standards and civic oversight across administrative bodies in Assam.,High Impact
This regulation updates routine government operational rules under the State Vehicle Tax Adjustment Act in Assam.,Low Impact
The Public Records Access Reform Act introduces digital portals for public monitoring of government spending in Odisha.,High Impact
The Government Employee Leave Regulation Update modifies internal administrative processes and documentation standards in Haryana.,Low Impact
The Municipal Parking Regulation Bill introduces minor regulatory adjustments to administrative workflows in Telangana.,Low Impact
"Under the Government Accountability and Transparency Act, all government departments must release public data to citizens in Haryana.",High Impact
This regulation updates routine government operational rules under the Government Office Attendance Rule Update in Punjab.,Low Impact
This policy revises standard office procedures and departmental management guidelines in Haryana.,Low Impact
This legislation strengthens citizen access to government information and accountability mechanisms in Odisha under the Right to Information Act.,High Impact
The Election Commission Transparency Reform Bill enhances transparency standards and civic oversight across administrative bodies in Haryana.,High Impact
The Public Transport Permit Regulation modifies internal administrative processes and documentation standards in Gujarat.,Low Impact
The Government Office Attendance Rule Update introduces minor regulatory adjustments to administrative workflows in Odisha.,Low Impact
This regulation updates routine government operational rules under the Government Employee Leave Regulation Update in Karnataka.,Low Impact
The Government Office Attendance Rule Update modifies internal administrative processes and documentation standards in Karnataka.,Low Impact
This policy revises standard office procedures and departmental management guidelines in Bihar.,Low Impact
This legislation strengthens citizen access to government information and accountability mechanisms in Tamil Nadu under the Lokpal and Lokayuktas Act.,High Impact
The Departmental Reporting Format Regulation introduces minor regulatory adjustments to administrative workflows in Andhra Pradesh.,Low Impact
This legislation strengthens citizen access to government information and accountability mechanisms in Telangana under the Open Government Data Policy.,High Impact
The Government Accountability and Transparency Act introduces digital portals for public monitoring of government spending in Uttar Pradesh.,High Impact
"Under the Public Records Access Reform Act, all government departments must release public data to citizens in Rajasthan.",High Impact
The Public Procurement Transparency Bill introduces digital portals for public monitoring of government spending in Maharashtra.,High Impact
"Under the Lokpal and Lokayuktas Act, all government departments must release public data to citizens in Tamil Nadu.",High Impact
This legislation strengthens citizen access to government information and accountability mechanisms in Madhya Pradesh under the Whistle Blowers Protection Act.,High Impact
"Under the Public Records Access Reform Act, all government departments must release public data to citizens in Bihar.",High Impact
The Administrative Procedure Simplification Bill introduces minor regulatory adjustments to administrative workflows in Maharashtra.,Low Impact
"Under the Digital Personal Data Protection Act, all government departments must release public data to citizens in Assam.",High Impact
The Municipal Parking Regulation Bill introduces minor regulatory adjustments to administrative workflows in Haryana.,Low Impact
The Election Commission Transparency Reform Bill mandates public disclosure of government records and improves transparency in Uttar Pradesh.,High Impact
The State Vehicle Tax Adjustment Act modifies internal administrative processes and documentation standards in Assam.,Low Impact
The Lokpal and Lokayuktas Act mandates public disclosure of government records and improves transparency in Haryana.,High Impact
The Anti-Corruption Amendment Bill mandates public disclosure of government records and improves transparency in Maharashtra.,High Impact
This regulation updates routine government operational rules under the Departmental Reporting Format Regulation in Karnataka.,Low Impact
The Anti-Corruption Amendment Bill mandates public disclosure of government records and improves transparency in Gujarat.,High Impact
The Government Employee Leave Regulation Update introduces minor regulatory adjustments to administrative workflows in Kerala.,Low Impact
This policy revises standard office procedures and departmental management guidelines in West Bengal.,Low Impact
This policy revises standard office procedures and departmental management guidelines in Haryana.,Low Impact
This regulation updates routine government operational rules under the Urban Traffic Management Amendment in West Bengal.,Low Impact
The Departmental Reporting Format Regulation regulates administrative procedures and operational guidelines for departments in Telangana.,Low Impact
The Public Transport Permit Regulation regulates administrative procedures and operational guidelines for departments in Punjab.,Low Impact
The Government Accountability and Transparency Act enhances transparency standards and civic oversight across administrative bodies in Tamil Nadu.,High Impact
The Right to Information Act mandates public disclosure of government records and improves transparency in Andhra Pradesh.,High Impact
This policy revises standard office procedures and departmental management guidelines in Karnataka.,Low Impact
This policy revises standard office procedures and departmental management guidelines in Karnataka.,Low Impact
This policy revises standard office procedures and departmental management guidelines in Maharashtra.,Low Impact
This policy revises standard office procedures and departmental management guidelines in Bihar.,Low Impact
This legislation strengthens citizen access to government information and accountability mechanisms in Odisha under the Right to Information Act.,High Impact
The Lokpal and Lokayuktas Act enhances transparency standards and civic oversight across administrative bodies in Maharashtra.,High Impact
The Urban Traffic Management Amendment modifies internal administrative processes and documentation standards in Telangana.,Low Impact
This legislation strengthens citizen access to government information and accountability mechanisms in Madhya Pradesh under the Anti-Corruption Amendment Bill.,High Impact
"Under the Election Commission Transparency Reform Bill, all government departments must release public data to citizens in Uttar Pradesh.",High Impact
The Whistle Blowers Protection Act mandates public disclosure of government records and improves transparency in Madhya Pradesh.,High Impact
The Digital Personal Data Protection Act introduces digital portals for public monitoring of government spending in Odisha.,High Impact
The Public Procurement Transparency Bill enhances transparency standards and civic oversight across administrative bodies in Gujarat.,High Impact
This policy revises standard office procedures and departmental management guidelines in Madhya Pradesh.,Low Impact
This legislation strengthens citizen access to government information and accountability mechanisms in Maharashtra under the Government Accountability and Transparency Act.,High Impact
The Anti-Corruption Amendment Bill introduces digital portals for public monitoring of government spending in West Bengal.,High Impact
The Open Government Data Policy enhances transparency standards and civic oversight across administrative bodies in Madhya Pradesh.,High Impact
"Under the Anti-Corruption Amendment Bill, all government departments must release public data to citizens in Tamil Nadu.",High Impact
The Anti-Corruption Amendment Bill mandates public disclosure of government records and improves transparency in Punjab.,High Impact
This policy revises standard office procedures and departmental management guidelines in Punjab.,Low Impact
The Digital Personal Data Protection Act introduces digital portals for public monitoring of government spending in Haryana.,High Impact
"Under the Anti-Corruption Amendment Bill, all government departments must release public data to citizens in Assam.",High Impact
The Public Procurement Transparency Bill enhances transparency standards and civic oversight across administrative bodies in Uttar Pradesh.,High Impact
This regulation updates routine government operational rules under the Municipal Parking Regulation Bill in Assam.,Low Impact
The State Vehicle Tax Adjustment Act regulates administrative procedures and operational guidelines for departments in Haryana.,Low Impact
This legislation strengthens citizen access to government information and accountability mechanisms in Bihar under the Public Records Access Reform Act.,High Impact
The Open Government Data Policy enhances transparency standards and civic oversight across administrative bodies in Madhya Pradesh.,High Impact
The Whistle Blowers Protection Act mandates public disclosure of government records and improves transparency in Kerala.,High Impact
The State Vehicle Tax Adjustment Act regulates administrative procedures and operational guidelines for departments in Odisha.,Low Impact
This legislation strengthens citizen access to government information and accountability mechanisms in Telangana under the Election Commission Transparency Reform Bill.,High Impact
This legislation strengthens citizen access to government information and accountability mechanisms in Uttar Pradesh under the Lokpal and Lokayuktas Act.,High Impact
"Under the Public Records Access Reform Act, all government departments must release public data to citizens in Assam.",High Impact
The Public Records Access Reform Act introduces digital portals for public monitoring of government spending in Assam.,High Impact
This policy revises standard office procedures and departmental management guidelines in Haryana.,Low Impact
This legislation strengthens citizen access to government information and accountability mechanisms in Assam under the Right to Information Act.,High Impact
"Under the Public Records Access Reform Act, all government departments must release public data to citizens in Kerala.",High Impact
This policy revises standard office procedures and departmental management guidelines in Karnataka.,Low Impact
The Whistle Blowers Protection Act enhances transparency standards and civic oversight across administrative bodies in Andhra Pradesh.,High Impact
The Urban Traffic Management Amendment modifies internal administrative processes and documentation standards in Andhra Pradesh.,Low Impact
The Public Transport Permit Regulation introduces minor regulatory adjustments to administrative workflows in Uttar Pradesh.,Low Impact
The Municipal Parking Regulation Bill regulates administrative procedures and operational guidelines for departments in Madhya Pradesh.,Low Impact
The Digital Personal Data Protection Act enhances transparency standards and civic oversight across administrative bodies in Uttar Pradesh.,High Impact
The Election Commission Transparency Reform Bill enhances transparency standards and civic oversight across administrative bodies in Karnataka.,High Impact
The Government Accountability and Transparency Act mandates public disclosure of government records and improves transparency in Karnataka.,High Impact
The Municipal Parking Regulation Bill modifies internal administrative processes and documentation standards in Madhya Pradesh.,Low Impact
This regulation updates routine government operational rules under the Departmental Reporting Format Regulation in Bihar.,Low Impact
The Lokpal and Lokayuktas Act introduces digital portals for public monitoring of government spending in Rajasthan.,High Impact
"Under the Whistle Blowers Protection Act, all government departments must release public data to citizens in Uttar Pradesh.",High Impact
This regulation updates routine government operational rules under the Motor Vehicles Act amendment on vehicle registration in Gujarat.,Low Impact
The Administrative Procedure Simplification Bill regulates administrative procedures and operational guidelines for departments in Haryana.,Low Impact
"Under the Election Commission Transparency Reform Bill, all government departments must release public data to citizens in Bihar.",High Impact
This legislation strengthens citizen access to government information and accountability mechanisms in Telangana under the Whistle Blowers Protection Act.,High Impact
This legislation strengthens citizen access to government information and accountability mechanisms in West Bengal under the Public Procurement Transparency Bill.,High Impact
"Under the Public Records Access Reform Act, all government departments must release public data to citizens in Odisha.",High Impact
The Election Commission Transparency Reform Bill enhances transparency standards and civic oversight across administrative bodies in Tamil Nadu.,High Impact
This legislation strengthens citizen access to government information and accountability mechanisms in Madhya Pradesh under the Open Government Data Policy.,High Impact
The Urban Traffic Management Amendment introduces minor regulatory adjustments to administrative workflows in Haryana.,Low Impact
The Anti-Corruption Amendment Bill introduces digital portals for public monitoring of government spending in Odisha.,High Impact
The State Vehicle Tax Adjustment Act introduces minor regulatory adjustments to administrative workflows in Maharashtra.,Low Impact
The Public Records Access Reform Act introduces digital portals for public monitoring of government spending in Tamil Nadu.,High Impact
The Anti-Corruption Amendment Bill enhances transparency standards and civic oversight across administrative bodies in Punjab.,High Impact
This policy revises standard office procedures and departmental management guidelines in Telangana.,Low Impact
This regulation updates routine government operational rules under the Urban Traffic Management Amendment in Assam.,Low Impact
The Public Office Infrastructure Maintenance Policy regulates administrative procedures and operational guidelines for departments in Kerala.,Low Impact
The Urban Traffic Management Amendment introduces minor regulatory adjustments to administrative workflows in Punjab.,Low Impact
"Under the Lokpal and Lokayuktas Act, all government departments must release public data to citizens in Madhya Pradesh.",High Impact
The State Vehicle Tax Adjustment Act regulates administrative procedures and operational guidelines for departments in Madhya Pradesh.,Low Impact
The Public Records Access Reform Act mandates public disclosure of government records and improves transparency in Tamil Nadu.,High Impact
The Government Accountability and Transparency Act mandates public disclosure of government records and improves transparency in Uttar Pradesh.,High Impact
This regulation updates routine government operational rules under the Departmental Reporting Format Regulation in Rajasthan.,Low Impact
The Lokpal and Lokayuktas Act enhances transparency standards and civic oversight across administrative bodies in West Bengal.,High Impact
The Government Accountability and Transparency Act mandates public disclosure of government records and improves transparency in West Bengal.,High Impact
The Public Procurement Transparency Bill introduces digital portals for public monitoring of government spending in Madhya Pradesh.,High Impact
The Whistle Blowers Protection Act mandates public disclosure of government records and improves transparency in Telangana.,High Impact
The Government Employee Leave Regulation Update modifies internal administrative processes and documentation standards in Assam.,Low Impact
The Public Procurement Transparency Bill introduces digital portals for public monitoring of government spending in Uttar Pradesh.,High Impact
"Under the Anti-Corruption Amendment Bill, all government departments must release public data to citizens in Assam.",High Impact
The Departmental Reporting Format Regulation modifies internal administrative processes and documentation standards in Tamil Nadu.,Low Impact
The Government Accountability and Transparency Act enhances transparency standards and civic oversight across administrative bodies in Gujarat.,High Impact
The Public Procurement Transparency Bill introduces digital portals for public monitoring of government spending in Andhra Pradesh.,High Impact
This regulation updates routine government operational rules under the Motor Vehicles Act amendment on vehicle registration in Kerala.,Low Impact
This legislation strengthens citizen access to government information and accountability mechanisms in Karnataka under the Public Records Access Reform Act.,High Impact
The Lokpal and Lokayuktas Act mandates public disclosure of government records and improves transparency in Haryana.,High Impact
This policy revises standard office procedures and departmental management guidelines in Odisha.,Low Impact
The Public Transport Permit Regulation introduces minor regulatory adjustments to administrative workflows in West Bengal.,Low Impact
The Public Office Infrastructure Maintenance Policy modifies internal administrative processes and documentation standards in Punjab.,Low Impact
The Digital Personal Data Protection Act mandates public disclosure of government records and improves transparency in Uttar Pradesh.,High Impact
The Election Commission Transparency Reform Bill mandates public disclosure of government records and improves transparency in Assam.,High Impact
This policy revises standard office procedures and departmental management guidelines in Assam.,Low Impact
The Lokpal and Lokayuktas Act enhances transparency standards and civic oversight across administrative bodies in Assam.,High Impact
The Government Office Attendance Rule Update modifies internal administrative processes and documentation standards in Odisha.,Low Impact
The Government Employee Leave Regulation Update regulates administrative procedures and operational guidelines for departments in Maharashtra.,Low Impact
The Government Office Attendance Rule Update regulates administrative procedures and operational guidelines for departments in West Bengal.,Low Impact
The Public Records Access Reform Act introduces digital portals for public monitoring of government spending in West Bengal.,High Impact
The Digital Personal Data Protection Act introduces digital portals for public monitoring of government spending in Bihar.,High Impact
The Municipal Parking Regulation Bill introduces minor regulatory adjustments to administrative workflows in Andhra Pradesh.,Low Impact
The Public Records Access Reform Act mandates public disclosure of government records and improves transparency in Telangana.,High Impact
The Departmental Reporting Format Regulation modifies internal administrative processes and documentation standards in Tamil Nadu.,Low Impact
This regulation updates routine government operational rules under the Government Employee Leave Regulation Update in Uttar Pradesh.,Low Impact
The Lokpal and Lokayuktas Act enhances transparency standards and civic oversight across administrative bodies in Andhra Pradesh.,High Impact
This regulation updates routine government operational rules under the Public Office Infrastructure Maintenance Policy in Uttar Pradesh.,Low Impact
The Whistle Blowers Protection Act enhances transparency standards and civic oversight across administrative bodies in Rajasthan.,High Impact
The Public Procurement Transparency Bill enhances transparency standards and civic oversight across administrative bodies in West Bengal.,High Impact
This policy revises standard office procedures and departmental management guidelines in Uttar Pradesh.,Low Impact
This regulation updates routine government operational rules under the Urban Traffic Management Amendment in West Bengal.,Low Impact
The Urban Traffic Management Amendment modifies internal administrative processes and documentation standards in Punjab.,Low Impact
This regulation updates routine government operational rules under the Administrative Procedure Simplification Bill in West Bengal.,Low Impact
This regulation updates routine government operational rules under the Public Office Infrastructure Maintenance Policy in Tamil Nadu.,Low Impact
The Right to Information Act enhances transparency standards and civic oversight across administrative bodies in Karnataka.,High Impact
The Public Office Infrastructure Maintenance Policy introduces minor regulatory adjustments to administrative workflows in Andhra Pradesh.,Low Impact
The Government Accountability and Transparency Act introduces digital portals for public monitoring of government spending in Madhya Pradesh.,High Impact
The Open Government Data Policy mandates public disclosure of government records and improves transparency in Bihar.,High Impact
The Government Office Attendance Rule Update introduces minor regulatory adjustments to administrative workflows in Haryana.,Low Impact
The Whistle Blowers Protection Act introduces digital portals for public monitoring of government spending in Telangana.,High Impact
This policy revises standard office procedures and departmental management guidelines in Tamil Nadu.,Low Impact
The Public Records Access Reform Act enhances transparency standards and civic oversight across administrative bodies in Odisha.,High Impact
The Motor Vehicles Act amendment on vehicle registration regulates administrative procedures and operational guidelines for departments in Rajasthan.,Low Impact
"Under the Whistle Blowers Protection Act, all government departments must release public data to citizens in Punjab.",High Impact
This policy revises standard office procedures and departmental management guidelines in Andhra Pradesh.,Low Impact
This policy revises standard office procedures and departmental management guidelines in Uttar Pradesh.,Low Impact
"Under the Election Commission Transparency Reform Bill, all government departments must release public data to citizens in Uttar Pradesh.",High Impact
This legislation strengthens citizen access to government information and accountability mechanisms in Telangana under the Whistle Blowers Protection Act.,High Impact
This policy revises standard office procedures and departmental management guidelines in Gujarat.,Low Impact
The Open Government Data Policy introduces digital portals for public monitoring of government spending in Uttar Pradesh.,High Impact
The Whistle Blowers Protection Act mandates public disclosure of government records and improves transparency in Assam.,High Impact
The Government Employee Leave Regulation Update modifies internal administrative processes and documentation standards in Gujarat.,Low Impact
This regulation updates routine government operational rules under the Government Office Attendance Rule Update in Andhra Pradesh.,Low Impact
The Right to Information Act enhances transparency standards and civic oversight across administrative bodies in Madhya Pradesh.,High Impact
"Under the Open Government Data Policy, all government departments must release public data to citizens in Madhya Pradesh.",High Impact
The Departmental Reporting Format Regulation introduces minor regulatory adjustments to administrative workflows in Andhra Pradesh.,Low Impact
This regulation updates routine government operational rules under the Motor Vehicles Act amendment on vehicle registration in Bihar.,Low Impact
This regulation updates routine government operational rules under the Departmental Reporting Format Regulation in Haryana.,Low Impact
This regulation updates routine government operational rules under the Departmental Reporting Format Regulation in Assam.,Low Impact
"Under the Election Commission Transparency Reform Bill, all government departments must release public data to citizens in Odisha.",High Impact
The Public Records Access Reform Act enhances transparency standards and civic oversight across administrative bodies in Uttar Pradesh.,High Impact
The Government Office Attendance Rule Update introduces minor regulatory adjustments to administrative workflows in Odisha.,Low Impact
This legislation strengthens citizen access to government information and accountability mechanisms in Maharashtra under the Election Commission Transparency Reform Bill.,High Impact
This legislation strengthens citizen access to government information and accountability mechanisms in Andhra Pradesh under the Right to Information Act.,High Impact
The Public Records Access Reform Act introduces digital portals for public monitoring of government spending in Karnataka.,High Impact
The Whistle Blowers Protection Act introduces digital portals for public monitoring of government spending in Telangana.,High Impact
The Public Records Access Reform Act mandates public disclosure of government records and improves transparency in Bihar.,High Impact
The Open Government Data Policy introduces digital portals for public monitoring of government spending in Assam.,High Impact
The Digital Personal Data Protection Act introduces digital portals for public monitoring of government spending in Bihar.,High Impact
The Urban Traffic Management Amendment introduces minor regulatory adjustments to administrative workflows in Bihar.,Low Impact
This policy revises standard office procedures and departmental management guidelines in Tamil Nadu.,Low Impact
This policy revises standard office procedures and departmental management guidelines in Rajasthan.,Low Impact
This legislation strengthens citizen access to government information and accountability mechanisms in Haryana under the Lokpal and Lokayuktas Act.,High Impact
The Whistle Blowers Protection Act introduces digital portals for public monitoring of government spending in West Bengal.,High Impact
This legislation strengthens citizen access to government information and accountability mechanisms in Andhra Pradesh under the Whistle Blowers Protection Act.,High Impact
The Public Transport Permit Regulation modifies internal administrative processes and documentation standards in Rajasthan.,Low Impact
The Administrative Procedure Simplification Bill introduces minor regulatory adjustments to administrative workflows in Odisha.,Low Impact
The Lokpal and Lokayuktas Act enhances transparency standards and civic oversight across administrative bodies in West Bengal.,High Impact
The Right to Information Act mandates public disclosure of government records and improves transparency in Assam.,High Impact
The Government Accountability and Transparency Act enhances transparency standards and civic oversight across administrative bodies in Punjab.,High Impact
The Whistle Blowers Protection Act mandates public disclosure of government records and improves transparency in Punjab.,High Impact
This policy revises standard office procedures and departmental management guidelines in Bihar.,Low Impact
This regulation updates routine government operational rules under the Municipal Parking Regulation Bill in Gujarat.,Low Impact
The Election Commission Transparency Reform Bill introduces digital portals for public monitoring of government spending in Uttar Pradesh.,High Impact
The Motor Vehicles Act amendment on vehicle registration regulates administrative procedures and operational guidelines for departments in Kerala.,Low Impact
The Government Accountability and Transparency Act enhances transparency standards and civic oversight across administrative bodies in Haryana.,High Impact
This legislation strengthens citizen access to government information and accountability mechanisms in Kerala under the Election Commission Transparency Reform Bill.,High Impact
This policy revises standard office procedures and departmental management guidelines in Madhya Pradesh.,Low Impact
The Public Records Access Reform Act introduces digital portals for public monitoring of government spending in Tamil Nadu.,High Impact
The Administrative Procedure Simplification Bill introduces minor regulatory adjustments to administrative workflows in Gujarat.,Low Impact
The Urban Traffic Management Amendment regulates administrative procedures and operational guidelines for departments in Karnataka.,Low Impact
The Digital Personal Data Protection Act mandates public disclosure of government records and improves transparency in Bihar.,High Impact
This regulation updates routine government operational rules under the State Vehicle Tax Adjustment Act in Maharashtra.,Low Impact
The Departmental Reporting Format Regulation introduces minor regulatory adjustments to administrative workflows in Haryana.,Low Impact
The Public Procurement Transparency Bill enhances transparency standards and civic oversight across administrative bodies in Gujarat.,High Impact
The Right to Information Act mandates public disclosure of government records and improves transparency in Bihar.,High Impact
The Right to Information Act enhances transparency standards and civic oversight across administrative bodies in Kerala.,High Impact
This regulation updates routine government operational rules under the State Vehicle Tax Adjustment Act in Karnataka.,Low Impact
The Public Office Infrastructure Maintenance Policy modifies internal administrative processes and documentation standards in Punjab.,Low Impact
The Open Government Data Policy introduces digital portals for public monitoring of government spending in West Bengal.,High Impact
The Lokpal and Lokayuktas Act mandates public disclosure of government records and improves transparency in Rajasthan.,High Impact
This policy revises standard office procedures and departmental management guidelines in West Bengal.,Low Impact
The Motor Vehicles Act amendment on vehicle registration modifies internal administrative processes and documentation standards in Tamil Nadu.,Low Impact
This legislation strengthens citizen access to government information and accountability mechanisms in Rajasthan under the Public Records Access Reform Act.,High Impact
The Municipal Parking Regulation Bill regulates administrative procedures and operational guidelines for departments in Odisha.,Low Impact
This legislation strengthens citizen access to government information and accountability mechanisms in Punjab under the Right to Information Act.,High Impact
This policy revises standard office procedures and departmental management guidelines in Andhra Pradesh.,Low Impact
This regulation updates routine government operational rules under the Municipal Parking Regulation Bill in Punjab.,Low Impact
This regulation updates routine government operational rules under the Motor Vehicles Act amendment on vehicle registration in Karnataka.,Low Impact
This legislation strengthens citizen access to government information and accountability mechanisms in Punjab under the Public Records Access Reform Act.,High Impact
The Government Employee Leave Regulation Update modifies internal administrative processes and documentation standards in Madhya Pradesh.,Low Impact
The Public Procurement Transparency Bill enhances transparency standards and civic oversight across administrative bodies in Maharashtra.,High Impact
The Motor Vehicles Act amendment on vehicle registration regulates administrative procedures and operational guidelines for departments in Madhya Pradesh.,Low Impact
This policy revises standard office procedures and departmental management guidelines in Gujarat.,Low Impact
This legislation strengthens citizen access to government information and accountability mechanisms in Tamil Nadu under the Election Commission Transparency Reform Bill.,High Impact
The Government Accountability and Transparency Act mandates public disclosure of government records and improves transparency in Karnataka.,High Impact
"Under the Digital Personal Data Protection Act, all government departments must release public data to citizens in Maharashtra.",High Impact
The Administrative Procedure Simplification Bill introduces minor regulatory adjustments to administrative workflows in Haryana.,Low Impact
The Election Commission Transparency Reform Bill introduces digital portals for public monitoring of government spending in Maharashtra.,High Impact
The Urban Traffic Management Amendment modifies internal administrative processes and documentation standards in Odisha.,Low Impact
The Administrative Procedure Simplification Bill introduces minor regulatory adjustments to administrative workflows in Bihar.,Low Impact
The Government Employee Leave Regulation Update introduces minor regulatory adjustments to administrative workflows in Haryana.,Low Impact
"Under the Right to Information Act, all government departments must release public data to citizens in Uttar Pradesh.",High Impact
This regulation updates routine government operational rules under the Public Transport Permit Regulation in Rajasthan.,Low Impact
The Whistle Blowers Protection Act enhances transparency standards and civic oversight across administrative bodies in Punjab.,High Impact
This regulation updates routine government operational rules under the Government Office Attendance Rule Update in Odisha.,Low Impact
This policy revises standard office procedures and departmental management guidelines in West Bengal.,Low Impact
The Right to Information Act introduces digital portals for public monitoring of government spending in Telangana.,High Impact
The Public Transport Permit Regulation modifies internal administrative processes and documentation standards in Punjab.,Low Impact
The Government Employee Leave Regulation Update modifies internal administrative processes and documentation standards in Rajasthan.,Low Impact
"Under the Digital Personal Data Protection Act, all government departments must release public data to citizens in Rajasthan.",High Impact
The Whistle Blowers Protection Act introduces digital portals for public monitoring of government spending in Punjab.,High Impact
The Public Office Infrastructure Maintenance Policy regulates administrative procedures and operational guidelines for departments in Bihar.,Low Impact
The State Vehicle Tax Adjustment Act modifies internal administrative processes and documentation standards in Punjab.,Low Impact
This regulation updates routine government operational rules under the State Vehicle Tax Adjustment Act in Madhya Pradesh.,Low Impact
The Administrative Procedure Simplification Bill introduces minor regulatory adjustments to administrative workflows in Madhya Pradesh.,Low Impact
The Public Procurement Transparency Bill enhances transparency standards and civic oversight across administrative bodies in Telangana.,High Impact
The Administrative Procedure Simplification Bill regulates administrative procedures and operational guidelines for departments in Kerala.,Low Impact
"Under the Election Commission Transparency Reform Bill, all government departments must release public data to citizens in Andhra Pradesh.",High Impact
This policy revises standard office procedures and departmental management guidelines in Karnataka.,Low Impact
This regulation updates routine government operational rules under the Departmental Reporting Format Regulation in Gujarat.,Low Impact
The Municipal Parking Regulation Bill introduces minor regulatory adjustments to administrative workflows in Karnataka.,Low Impact
The Motor Vehicles Act amendment on vehicle registration regulates administrative procedures and operational guidelines for departments in Andhra Pradesh.,Low Impact
This regulation updates routine government operational rules under the Administrative Procedure Simplification Bill in Maharashtra.,Low Impact
This legislation strengthens citizen access to government information and accountability mechanisms in West Bengal under the Lokpal and Lokayuktas Act.,High Impact
The Open Government Data Policy mandates public disclosure of government records and improves transparency in Uttar Pradesh.,High Impact
This policy revises standard office procedures and departmental management guidelines in Karnataka.,Low Impact
This regulation updates routine government operational rules under the Motor Vehicles Act amendment on vehicle registration in Rajasthan.,Low Impact
The Election Commission Transparency Reform Bill enhances transparency standards and civic oversight across administrative bodies in Madhya Pradesh.,High Impact
"Under the Whistle Blowers Protection Act, all government departments must release public data to citizens in Tamil Nadu.",High Impact
This policy revises standard office procedures and departmental management guidelines in Haryana.,Low Impact
"Under the Open Government Data Policy, all government departments must release public data to citizens in Tamil Nadu.",High Impact
This regulation updates routine government operational rules under the Government Office Attendance Rule Update in Haryana.,Low Impact
This legislation strengthens citizen access to government information and accountability mechanisms in Haryana under the Lokpal and Lokayuktas Act.,High Impact
"Under the Public Records Access Reform Act, all government departments must release public data to citizens in Telangana.",High Impact
This legislation strengthens citizen access to government information and accountability mechanisms in Haryana under the Public Procurement Transparency Bill.,High Impact
The Public Office Infrastructure Maintenance Policy modifies internal administrative processes and documentation standards in Kerala.,Low Impact
The Public Records Access Reform Act enhances transparency standards and civic oversight across administrative bodies in Kerala.,High Impact
The Election Commission Transparency Reform Bill introduces digital portals for public monitoring of government spending in Assam.,High Impact
The Government Office Attendance Rule Update modifies internal administrative processes and documentation standards in Assam.,Low Impact
The Government Accountability and Transparency Act mandates public disclosure of government records and improves transparency in Kerala.,High Impact
This legislation strengthens citizen access to government information and accountability mechanisms in Tamil Nadu under the Open Government Data Policy.,High Impact
The Lokpal and Lokayuktas Act introduces digital portals for public monitoring of government spending in Gujarat.,High Impact
The Municipal Parking Regulation Bill introduces minor regulatory adjustments to administrative workflows in Bihar.,Low Impact
The Public Office Infrastructure Maintenance Policy modifies internal administrative processes and documentation standards in Telangana.,Low Impact
The Government Accountability and Transparency Act mandates public disclosure of government records and improves transparency in Uttar Pradesh.,High Impact
This legislation strengthens citizen access to government information and accountability mechanisms in Kerala under the Open Government Data Policy.,High Impact
This policy revises standard office procedures and departmental management guidelines in Haryana.,Low Impact
The Government Accountability and Transparency Act mandates public disclosure of government records and improves transparency in Gujarat.,High Impact
The Government Employee Leave Regulation Update introduces minor regulatory adjustments to administrative workflows in Punjab.,Low Impact
This policy revises standard office procedures and departmental management guidelines in Assam.,Low Impact
The Open Government Data Policy enhances transparency standards and civic oversight across administrative bodies in Karnataka.,High Impact
The Public Transport Permit Regulation modifies internal administrative processes and documentation standards in Karnataka.,Low Impact
The Right to Information Act introduces digital portals for public monitoring of government spending in Assam.,High Impact
The Public Transport Permit Regulation regulates administrative procedures and operational guidelines for departments in Madhya Pradesh.,Low Impact
The Motor Vehicles Act amendment on vehicle registration modifies internal administrative processes and documentation standards in Haryana.,Low Impact
The Public Office Infrastructure Maintenance Policy regulates administrative procedures and operational guidelines for departments in Kerala.,Low Impact
The Urban Traffic Management Amendment introduces minor regulatory adjustments to administrative workflows in Gujarat.,Low Impact
The Motor Vehicles Act amendment on vehicle registration modifies internal administrative processes and documentation standards in Haryana.,Low Impact
The Public Procurement Transparency Bill introduces digital portals for public monitoring of government spending in Telangana.,High Impact
The Public Procurement Transparency Bill enhances transparency standards and civic oversight across administrative bodies in Tamil Nadu.,High Impact
The Anti-Corruption Amendment Bill introduces digital portals for public monitoring of government spending in Uttar Pradesh.,High Impact
The Whistle Blowers Protection Act enhances transparency standards and civic oversight across administrative bodies in Odisha.,High Impact
The Anti-Corruption Amendment Bill enhances transparency standards and civic oversight across administrative bodies in Gujarat.,High Impact
The Right to Information Act enhances transparency standards and civic oversight across administrative bodies in Karnataka.,High Impact
The Public Office Infrastructure Maintenance Policy modifies internal administrative processes and documentation standards in West Bengal.,Low Impact
The Urban Traffic Management Amendment regulates administrative procedures and operational guidelines for departments in Rajasthan.,Low Impact
This policy revises standard office procedures and departmental management guidelines in Gujarat.,Low Impact
The Public Transport Permit Regulation modifies internal administrative processes and documentation standards in Kerala.,Low Impact
This legislation strengthens citizen access to government information and accountability mechanisms in Tamil Nadu under the Election Commission Transparency Reform Bill.,High Impact
The Administrative Procedure Simplification Bill introduces minor regulatory adjustments to administrative workflows in Madhya Pradesh.,Low Impact
This legislation strengthens citizen access to government information and accountability mechanisms in West Bengal under the Public Procurement Transparency Bill.,High Impact
"Under the Government Accountability and Transparency Act, all government departments must release public data to citizens in Haryana.",High Impact
This policy revises standard office procedures and departmental management guidelines in Karnataka.,Low Impact
This regulation updates routine government operational rules under the Motor Vehicles Act amendment on vehicle registration in Uttar Pradesh.,Low Impact
The Open Government Data Policy introduces digital portals for public monitoring of government spending in Gujarat.,High Impact
The Whistle Blowers Protection Act mandates public disclosure of government records and improves transparency in Gujarat.,High Impact
The Government Accountability and Transparency Act enhances transparency standards and civic oversight across administrative bodies in Bihar.,High Impact
"Under the Election Commission Transparency Reform Bill, all government departments must release public data to citizens in Kerala.",High Impact
This policy revises standard office procedures and departmental management guidelines in Telangana.,Low Impact
The Public Records Access Reform Act mandates public disclosure of government records and improves transparency in Kerala.,High Impact
"Under the Election Commission Transparency Reform Bill, all government departments must release public data to citizens in Haryana.",High Impact
"Under the Anti-Corruption Amendment Bill, all government departments must release public data to citizens in Odisha.",High Impact
The Public Office Infrastructure Maintenance Policy modifies internal administrative processes and documentation standards in Karnataka.,Low Impact
This regulation updates routine government operational rules under the Motor Vehicles Act amendment on vehicle registration in Maharashtra.,Low Impact
The Public Records Access Reform Act introduces digital portals for public monitoring of government spending in Haryana.,High Impact
"Under the Right to Information Act, all government departments must release public data to citizens in Gujarat.",High Impact
This policy revises standard office procedures and departmental management guidelines in Haryana.,Low Impact
"Under the Election Commission Transparency Reform Bill, all government departments must release public data to citizens in Karnataka.",High Impact
"Under the Digital Personal Data Protection Act, all government departments must release public data to citizens in Gujarat.",High Impact
The Public Records Access Reform Act introduces digital portals for public monitoring of government spending in Maharashtra.,High Impact
The Digital Personal Data Protection Act enhances transparency standards and civic oversight across administrative bodies in Uttar Pradesh.,High Impact
The Public Office Infrastructure Maintenance Policy introduces minor regulatory adjustments to administrative workflows in Telangana.,Low Impact
The Lokpal and Lokayuktas Act mandates public disclosure of government records and improves transparency in Haryana.,High Impact
This legislation strengthens citizen access to government information and accountability mechanisms in Odisha under the Whistle Blowers Protection Act.,High Impact
The Municipal Parking Regulation Bill introduces minor regulatory adjustments to administrative workflows in Haryana.,Low Impact
The Departmental Reporting Format Regulation regulates administrative procedures and operational guidelines for departments in Bihar.,Low Impact
"Under the Public Records Access Reform Act, all government departments must release public data to citizens in Rajasthan.",High Impact
This policy revises standard office procedures and departmental management guidelines in Maharashtra.,Low Impact
The Whistle Blowers Protection Act mandates public disclosure of government records and improves transparency in Uttar Pradesh.,High Impact
The Public Procurement Transparency Bill introduces digital portals for public monitoring of government spending in Haryana.,High Impact
"Under the Whistle Blowers Protection Act, all government departments must release public data to citizens in Odisha.",High Impact
The Public Procurement Transparency Bill introduces digital portals for public monitoring of government spending in Odisha.,High Impact
The Administrative Procedure Simplification Bill introduces minor regulatory adjustments to administrative workflows in Telangana.,Low Impact
The Urban Traffic Management Amendment regulates administrative procedures and operational guidelines for departments in Rajasthan.,Low Impact
This policy revises standard office procedures and departmental management guidelines in Rajasthan.,Low Impact
The Administrative Procedure Simplification Bill introduces minor regulatory adjustments to administrative workflows in Kerala.,Low Impact
The Public Transport Permit Regulation modifies internal administrative processes and documentation standards in Assam.,Low Impact
The Administrative Procedure Simplification Bill introduces minor regulatory adjustments to administrative workflows in Kerala.,Low Impact
The Anti-Corruption Amendment Bill enhances transparency standards and civic oversight across administrative bodies in Karnataka.,High Impact
The Digital Personal Data Protection Act introduces digital portals for public monitoring of government spending in Rajasthan.,High Impact
This legislation strengthens citizen access to government information and accountability mechanisms in Kerala under the Public Procurement Transparency Bill.,High Impact
The Whistle Blowers Protection Act enhances transparency standards and civic oversight across administrative bodies in Andhra Pradesh.,High Impact
The Municipal Parking Regulation Bill regulates administrative procedures and operational guidelines for departments in Tamil Nadu.,Low Impact
This regulation updates routine government operational rules under the State Vehicle Tax Adjustment Act in Tamil Nadu.,Low Impact
The Election Commission Transparency Reform Bill enhances transparency standards and civic oversight across administrative bodies in Gujarat.,High Impact
This legislation strengthens citizen access to government information and accountability mechanisms in Bihar under the Digital Personal Data Protection Act.,High Impact
The Urban Traffic Management Amendment regulates administrative procedures and operational guidelines for departments in Tamil Nadu.,Low Impact
The Government Employee Leave Regulation Update regulates administrative procedures and operational guidelines for departments in Andhra Pradesh.,Low Impact
The Public Transport Permit Regulation regulates administrative procedures and operational guidelines for departments in Maharashtra.,Low Impact
This policy revises standard office procedures and departmental management guidelines in Punjab.,Low Impact
The State Vehicle Tax Adjustment Act modifies internal administrative processes and documentation standards in West Bengal.,Low Impact
This legislation strengthens citizen access to government information and accountability mechanisms in Madhya Pradesh under the Public Procurement Transparency Bill.,High Impact
The Right to Information Act introduces digital portals for public monitoring of government spending in Telangana.,High Impact
This regulation updates routine government operational rules under the Municipal Parking Regulation Bill in Telangana.,Low Impact
The Administrative Procedure Simplification Bill modifies internal administrative processes and documentation standards in Andhra Pradesh.,Low Impact
This policy revises standard office procedures and departmental management guidelines in Maharashtra.,Low Impact
The Departmental Reporting Format Regulation introduces minor regulatory adjustments to administrative workflows in Kerala.,Low Impact
The Election Commission Transparency Reform Bill mandates public disclosure of government records and improves transparency in Karnataka.,High Impact
The Election Commission Transparency Reform Bill enhances transparency standards and civic oversight across administrative bodies in Rajasthan.,High Impact
This legislation strengthens citizen access to government information and accountability mechanisms in Andhra Pradesh under the Anti-Corruption Amendment Bill.,High Impact
The Lokpal and Lokayuktas Act enhances transparency standards and civic oversight across administrative bodies in Bihar.,High Impact
The Anti-Corruption Amendment Bill introduces digital portals for public monitoring of government spending in Haryana.,High Impact
"Under the Digital Personal Data Protection Act, all government departments must release public data to citizens in Assam.",High Impact
The Right to Information Act enhances transparency standards and civic oversight across administrative bodies in Uttar Pradesh.,High Impact
The Lokpal and Lokayuktas Act enhances transparency standards and civic oversight across administrative bodies in Bihar.,High Impact
The Government Accountability and Transparency Act mandates public disclosure of government records and improves transparency in Kerala.,High Impact
This legislation strengthens citizen access to government information and accountability mechanisms in Uttar Pradesh under the Digital Personal Data Protection Act.,High Impact
The Anti-Corruption Amendment Bill enhances transparency standards and civic oversight across administrative bodies in Kerala.,High Impact
The Motor Vehicles Act amendment on vehicle registration introduces minor regulatory adjustments to administrative workflows in West Bengal.,Low Impact
The Right to Information Act introduces digital portals for public monitoring of government spending in Karnataka.,High Impact
The Public Transport Permit Regulation introduces minor regulatory adjustments to administrative workflows in Maharashtra.,Low Impact
The Lokpal and Lokayuktas Act mandates public disclosure of government records and improves transparency in Uttar Pradesh.,High Impact
The Public Records Access Reform Act enhances transparency standards and civic oversight across administrative bodies in Punjab.,High Impact
The Government Employee Leave Regulation Update introduces minor regulatory adjustments to administrative workflows in West Bengal.,Low Impact
The Municipal Parking Regulation Bill modifies internal administrative processes and documentation standards in Karnataka.,Low Impact
The Public Office Infrastructure Maintenance Policy modifies internal administrative processes and documentation standards in Uttar Pradesh.,Low Impact
This legislation strengthens citizen access to government information and accountability mechanisms in Rajasthan under the Right to Information Act.,High Impact
The Anti-Corruption Amendment Bill introduces digital portals for public monitoring of government spending in Odisha.,High Impact
The State Vehicle Tax Adjustment Act modifies internal administrative processes and documentation standards in Bihar.,Low Impact
"Under the Whistle Blowers Protection Act, all government departments must release public data to citizens in Telangana.",High Impact
The Government Accountability and Transparency Act enhances transparency standards and civic oversight across administrative bodies in Karnataka.,High Impact
This policy revises standard office procedures and departmental management guidelines in Kerala.,Low Impact
The Digital Personal Data Protection Act introduces digital portals for public monitoring of government spending in Haryana.,High Impact
The Motor Vehicles Act amendment on vehicle registration regulates administrative procedures and operational guidelines for departments in Uttar Pradesh.,Low Impact
This legislation strengthens citizen access to government information and accountability mechanisms in Kerala under the Government Accountability and Transparency Act.,High Impact
The Government Employee Leave Regulation Update introduces minor regulatory adjustments to administrative workflows in West Bengal.,Low Impact
This legislation strengthens citizen access to government information and accountability mechanisms in Maharashtra under the Whistle Blowers Protection Act.,High Impact
"Under the Right to Information Act, all government departments must release public data to citizens in Rajasthan.",High Impact
The Motor Vehicles Act amendment on vehicle registration introduces minor regulatory adjustments to administrative workflows in Uttar Pradesh.,Low Impact
The Anti-Corruption Amendment Bill enhances transparency standards and civic oversight across administrative bodies in Karnataka.,High Impact
The Government Employee Leave Regulation Update regulates administrative procedures and operational guidelines for departments in Madhya Pradesh.,Low Impact
This legislation strengthens citizen access to government information and accountability mechanisms in Punjab under the Digital Personal Data Protection Act.,High Impact
"Under the Anti-Corruption Amendment Bill, all government departments must release public data to citizens in Rajasthan.",High Impact
The Open Government Data Policy mandates public disclosure of government records and improves transparency in Odisha.,High Impact
The Anti-Corruption Amendment Bill introduces digital portals for public monitoring of government spending in Rajasthan.,High Impact
This regulation updates routine government operational rules under the State Vehicle Tax Adjustment Act in Kerala.,Low Impact
This legislation strengthens citizen access to government information and accountability mechanisms in Rajasthan under the Public Records Access Reform Act.,High Impact
The Right to Information Act introduces digital portals for public monitoring of government spending in Punjab.,High Impact
The Whistle Blowers Protection Act enhances transparency standards and civic oversight across administrative bodies in Karnataka.,High Impact
The Public Records Access Reform Act enhances transparency standards and civic oversight across administrative bodies in West Bengal.,High Impact
The Motor Vehicles Act amendment on vehicle registration introduces minor regulatory adjustments to administrative workflows in West Bengal.,Low Impact
This legislation strengthens citizen access to government information and accountability mechanisms in Madhya Pradesh under the Public Records Access Reform Act.,High Impact
The Motor Vehicles Act amendment on vehicle registration modifies internal administrative processes and documentation standards in Tamil Nadu.,Low Impact
The Government Office Attendance Rule Update introduces minor regulatory adjustments to administrative workflows in West Bengal.,Low Impact
"Under the Digital Personal Data Protection Act, all government departments must release public data to citizens in West Bengal.",High Impact
The Anti-Corruption Amendment Bill enhances transparency standards and civic oversight across administrative bodies in Bihar.,High Impact
The Government Office Attendance Rule Update introduces minor regulatory adjustments to administrative workflows in West Bengal.,Low Impact
The Departmental Reporting Format Regulation regulates administrative procedures and operational guidelines for departments in Tamil Nadu.,Low Impact
The Digital Personal Data Protection Act mandates public disclosure of government records and improves transparency in Rajasthan.,High Impact
The Public Procurement Transparency Bill enhances transparency standards and civic oversight across administrative bodies in Karnataka.,High Impact
This policy revises standard office procedures and departmental management guidelines in Odisha.,Low Impact
The State Vehicle Tax Adjustment Act modifies internal administrative processes and documentation standards in Gujarat.,Low Impact
This policy revises standard office procedures and departmental management guidelines in Bihar.,Low Impact
"Under the Lokpal and Lokayuktas Act, all government departments must release public data to citizens in Andhra Pradesh.",High Impact
The Motor Vehicles Act amendment on vehicle registration modifies internal administrative processes and documentation standards in Madhya Pradesh.,Low Impact
The Whistle Blowers Protection Act enhances transparency standards and civic oversight across administrative bodies in Odisha.,High Impact
The Government Accountability and Transparency Act mandates public disclosure of government records and improves transparency in Kerala.,High Impact
"Under the Whistle Blowers Protection Act, all government departments must release public data to citizens in Punjab.",High Impact
The Government Office Attendance Rule Update regulates administrative procedures and operational guidelines for departments in West Bengal.,Low Impact
This policy revises standard office procedures and departmental management guidelines in Haryana.,Low Impact
This legislation strengthens citizen access to government information and accountability mechanisms in Madhya Pradesh under the Open Government Data Policy.,High Impact
This legislation strengthens citizen access to government information and accountability mechanisms in Odisha under the Government Accountability and Transparency Act.,High Impact
The Right to Information Act introduces digital portals for public monitoring of government spending in Telangana.,High Impact
"Under the Open Government Data Policy, all government departments must release public data to citizens in Kerala.",High Impact
"Under the Election Commission Transparency Reform Bill, all government departments must release public data to citizens in Madhya Pradesh.",High Impact
This legislation strengthens citizen access to government information and accountability mechanisms in Tamil Nadu under the Right to Information Act.,High Impact
This policy revises standard office procedures and departmental management guidelines in Madhya Pradesh.,Low Impact
The Election Commission Transparency Reform Bill mandates public disclosure of government records and improves transparency in Tamil Nadu.,High Impact
This legislation strengthens citizen access to government information and accountability mechanisms in Karnataka under the Whistle Blowers Protection Act.,High Impact
The Government Employee Leave Regulation Update modifies internal administrative processes and documentation standards in Gujarat.,Low Impact
The Public Transport Permit Regulation regulates administrative procedures and operational guidelines for departments in Madhya Pradesh.,Low Impact
This regulation updates routine government operational rules under the Government Employee Leave Regulation Update in Assam.,Low Impact
The Digital Personal Data Protection Act mandates public disclosure of government records and improves transparency in Bihar.,High Impact
The Government Accountability and Transparency Act mandates public disclosure of government records and improves transparency in Bihar.,High Impact
The Digital Personal Data Protection Act mandates public disclosure of government records and improves transparency in Bihar.,High Impact
"Under the Whistle Blowers Protection Act, all government departments must release public data to citizens in Kerala.",High Impact
"Under the Anti-Corruption Amendment Bill, all government departments must release public data to citizens in Assam.",High Impact
This regulation updates routine government operational rules under the Government Office Attendance Rule Update in Uttar Pradesh.,Low Impact
The Anti-Corruption Amendment Bill mandates public disclosure of government records and improves transparency in Tamil Nadu.,High Impact
The Departmental Reporting Format Regulation introduces minor regulatory adjustments to administrative workflows in Andhra Pradesh.,Low Impact
"Under the Lokpal and Lokayuktas Act, all government departments must release public data to citizens in Telangana.",High Impact
The Right to Information Act mandates public disclosure of government records and improves transparency in Odisha.,High Impact
The Public Transport Permit Regulation regulates administrative procedures and operational guidelines for departments in Telangana.,Low Impact
The Anti-Corruption Amendment Bill enhances transparency standards and civic oversight across administrative bodies in Bihar.,High Impact
This legislation strengthens citizen access to government information and accountability mechanisms in West Bengal under the Government Accountability and Transparency Act.,High Impact
The Election Commission Transparency Reform Bill enhances transparency standards and civic oversight across administrative bodies in Odisha.,High Impact
The Public Transport Permit Regulation introduces minor regulatory adjustments to administrative workflows in Tamil Nadu.,Low Impact
The Government Office Attendance Rule Update introduces minor regulatory adjustments to administrative workflows in Karnataka.,Low Impact
The Departmental Reporting Format Regulation modifies internal administrative processes and documentation standards in Kerala.,Low Impact
The Public Records Access Reform Act enhances transparency standards and civic oversight across administrative bodies in Kerala.,High Impact
The Election Commission Transparency Reform Bill enhances transparency standards and civic oversight across administrative bodies in Kerala.,High Impact
The Urban Traffic Management Amendment modifies internal administrative processes and documentation standards in Andhra Pradesh.,Low Impact
"Under the Public Procurement Transparency Bill, all government departments must release public data to citizens in Andhra Pradesh.",High Impact
The Government Employee Leave Regulation Update regulates administrative procedures and operational guidelines for departments in Haryana.,Low Impact
The Public Office Infrastructure Maintenance Policy introduces minor regulatory adjustments to administrative workflows in West Bengal.,Low Impact
This policy revises standard office procedures and departmental management guidelines in Telangana.,Low Impact
This legislation strengthens citizen access to government information and accountability mechanisms in Punjab under the Public Procurement Transparency Bill.,High Impact
The Open Government Data Policy enhances transparency standards and civic oversight across administrative bodies in Punjab.,High Impact
This regulation updates routine government operational rules under the Government Employee Leave Regulation Update in Madhya Pradesh.,Low Impact
The Government Office Attendance Rule Update regulates administrative procedures and operational guidelines for departments in Karnataka.,Low Impact
The Right to Information Act enhances transparency standards and civic oversight across administrative bodies in Bihar.,High Impact
The Anti-Corruption Amendment Bill mandates public disclosure of government records and improves transparency in Bihar.,High Impact
The Public Office Infrastructure Maintenance Policy regulates administrative procedures and operational guidelines for departments in Punjab.,Low Impact
This regulation updates routine government operational rules under the Urban Traffic Management Amendment in Odisha.,Low Impact
This legislation strengthens citizen access to government information and accountability mechanisms in Gujarat under the Open Government Data Policy.,High Impact
This legislation strengthens citizen access to government information and accountability mechanisms in Haryana under the Election Commission Transparency Reform Bill.,High Impact
This legislation strengthens citizen access to government information and accountability mechanisms in Odisha under the Lokpal and Lokayuktas Act.,High Impact
The Government Office Attendance Rule Update modifies internal administrative processes and documentation standards in Tamil Nadu.,Low Impact
The State Vehicle Tax Adjustment Act regulates administrative procedures and operational guidelines for departments in Haryana.,Low Impact
The Lokpal and Lokayuktas Act introduces digital portals for public monitoring of government spending in Rajasthan.,High Impact
"Under the Digital Personal Data Protection Act, all government departments must release public data to citizens in Bihar.",High Impact
The Government Employee Leave Regulation Update modifies internal administrative processes and documentation standards in Kerala.,Low Impact
"Under the Lokpal and Lokayuktas Act, all government departments must release public data to citizens in Kerala.",High Impact
"Under the Digital Personal Data Protection Act, all government departments must release public data to citizens in Punjab.",High Impact
The Whistle Blowers Protection Act enhances transparency standards and civic oversight across administrative bodies in Karnataka.,High Impact
The Government Employee Leave Regulation Update regulates administrative procedures and operational guidelines for departments in West Bengal.,Low Impact
The Anti-Corruption Amendment Bill mandates public disclosure of government records and improves transparency in Andhra Pradesh.,High Impact
This policy revises standard office procedures and departmental management guidelines in Kerala.,Low Impact
The Digital Personal Data Protection Act mandates public disclosure of government records and improves transparency in Karnataka.,High Impact
This policy revises standard office procedures and departmental management guidelines in Maharashtra.,Low Impact
The Urban Traffic Management Amendment regulates administrative procedures and operational guidelines for departments in Uttar Pradesh.,Low Impact
The Municipal Parking Regulation Bill regulates administrative procedures and operational guidelines for departments in Tamil Nadu.,Low Impact
This regulation updates routine government operational rules under the Public Office Infrastructure Maintenance Policy in West Bengal.,Low Impact
This policy revises standard office procedures and departmental management guidelines in Odisha.,Low Impact
The Government Office Attendance Rule Update regulates administrative procedures and operational guidelines for departments in Bihar.,Low Impact
The Public Procurement Transparency Bill enhances transparency standards and civic oversight across administrative bodies in Haryana.,High Impact
The Motor Vehicles Act amendment on vehicle registration introduces minor regulatory adjustments to administrative workflows in Madhya Pradesh.,Low Impact
The Government Accountability and Transparency Act enhances transparency standards and civic oversight across administrative bodies in Odisha.,High Impact
The Municipal Parking Regulation Bill regulates administrative procedures and operational guidelines for departments in Gujarat.,Low Impact
This regulation updates routine government operational rules under the Municipal Parking Regulation Bill in Rajasthan.,Low Impact
This policy revises standard office procedures and departmental management guidelines in Kerala.,Low Impact
"Under the Public Records Access Reform Act, all government departments must release public data to citizens in Punjab.",High Impact
The Municipal Parking Regulation Bill regulates administrative procedures and operational guidelines for departments in Punjab.,Low Impact
The Open Government Data Policy mandates public disclosure of government records and improves transparency in Gujarat.,High Impact
"Under the Public Records Access Reform Act, all government departments must release public data to citizens in Tamil Nadu.",High Impact
This policy revises standard office procedures and departmental management guidelines in Tamil Nadu.,Low Impact
The Administrative Procedure Simplification Bill modifies internal administrative processes and documentation standards in Madhya Pradesh.,Low Impact
"Under the Lokpal and Lokayuktas Act, all government departments must release public data to citizens in Madhya Pradesh.",High Impact
"Under the Lokpal and Lokayuktas Act, all government departments must release public data to citizens in West Bengal.",High Impact
"Under the Election Commission Transparency Reform Bill, all government departments must release public data to citizens in Assam.",High Impact
This regulation updates routine government operational rules under the Municipal Parking Regulation Bill in Odisha.,Low Impact
This regulation updates routine government operational rules under the State Vehicle Tax Adjustment Act in Haryana.,Low Impact
The Public Procurement Transparency Bill mandates public disclosure of government records and improves transparency in Rajasthan.,High Impact
The Whistle Blowers Protection Act enhances transparency standards and civic oversight across administrative bodies in West Bengal.,High Impact
The Digital Personal Data Protection Act introduces digital portals for public monitoring of government spending in Bihar.,High Impact
The Government Employee Leave Regulation Update introduces minor regulatory adjustments to administrative workflows in Punjab.,Low Impact
"Under the Open Government Data Policy, all government departments must release public data to citizens in Odisha.",High Impact
This regulation updates routine government operational rules under the Government Employee Leave Regulation Update in Madhya Pradesh.,Low Impact
The Lokpal and Lokayuktas Act mandates public disclosure of government records and improves transparency in Karnataka.,High Impact
The Municipal Parking Regulation Bill introduces minor regulatory adjustments to administrative workflows in Punjab.,Low Impact
The Open Government Data Policy enhances transparency standards and civic oversight across administrative bodies in Kerala.,High Impact
"Under the Lokpal and Lokayuktas Act, all government departments must release public data to citizens in Telangana.",High Impact
This regulation updates routine government operational rules under the Urban Traffic Management Amendment in Karnataka.,Low Impact
This regulation updates routine government operational rules under the Municipal Parking Regulation Bill in Madhya Pradesh.,Low Impact
The Public Office Infrastructure Maintenance Policy introduces minor regulatory adjustments to administrative workflows in Karnataka.,Low Impact
This regulation updates routine government operational rules under the Government Office Attendance Rule Update in Bihar.,Low Impact
This regulation updates routine government operational rules under the Government Office Attendance Rule Update in Karnataka.,Low Impact
This policy revises standard office procedures and departmental management guidelines in Rajasthan.,Low Impact
"Under the Open Government Data Policy, all government departments must release public data to citizens in Karnataka.",High Impact
The Lokpal and Lokayuktas Act introduces digital portals for public monitoring of government spending in Karnataka.,High Impact
The Open Government Data Policy introduces digital portals for public monitoring of government spending in Rajasthan.,High Impact
The Public Office Infrastructure Maintenance Policy introduces minor regulatory adjustments to administrative workflows in Karnataka.,Low Impact
"Under the Digital Personal Data Protection Act, all government departments must release public data to citizens in Madhya Pradesh.",High Impact
"Under the Digital Personal Data Protection Act, all government departments must release public data to citizens in Uttar Pradesh.",High Impact
The Election Commission Transparency Reform Bill enhances transparency standards and civic oversight across administrative bodies in Punjab.,High Impact
The Government Accountability and Transparency Act enhances transparency standards and civic oversight across administrative bodies in Maharashtra.,High Impact
The Right to Information Act introduces digital portals for public monitoring of government spending in Maharashtra.,High Impact
This regulation updates routine government operational rules under the Administrative Procedure Simplification Bill in Odisha.,Low Impact
The Urban Traffic Management Amendment introduces minor regulatory adjustments to administrative workflows in Haryana.,Low Impact
The Anti-Corruption Amendment Bill introduces digital portals for public monitoring of government spending in Tamil Nadu.,High Impact
The Government Accountability and Transparency Act mandates public disclosure of government records and improves transparency in Punjab.,High Impact
The Government Employee Leave Regulation Update modifies internal administrative processes and documentation standards in Rajasthan.,Low Impact
"Under the Whistle Blowers Protection Act, all government departments must release public data to citizens in Gujarat.",High Impact
The Government Accountability and Transparency Act introduces digital portals for public monitoring of government spending in Madhya Pradesh.,High Impact
The Election Commission Transparency Reform Bill enhances transparency standards and civic oversight across administrative bodies in West Bengal.,High Impact
This legislation strengthens citizen access to government information and accountability mechanisms in Assam under the Right to Information Act.,High Impact
This policy revises standard office procedures and departmental management guidelines in Gujarat.,Low Impact
This policy revises standard office procedures and departmental management guidelines in Assam.,Low Impact
The Right to Information Act mandates public disclosure of government records and improves transparency in Uttar Pradesh.,High Impact
The Departmental Reporting Format Regulation regulates administrative procedures and operational guidelines for departments in Rajasthan.,Low Impact
This policy revises standard office procedures and departmental management guidelines in Karnataka.,Low Impact
The Administrative Procedure Simplification Bill regulates administrative procedures and operational guidelines for departments in Uttar Pradesh.,Low Impact
This policy revises standard office procedures and departmental management guidelines in Odisha.,Low Impact
The Open Government Data Policy introduces digital portals for public monitoring of government spending in West Bengal.,High Impact
This regulation updates routine government operational rules under the Municipal Parking Regulation Bill in Uttar Pradesh.,Low Impact
The Right to Information Act enhances transparency standards and civic oversight across administrative bodies in Maharashtra.,High Impact
The Election Commission Transparency Reform Bill mandates public disclosure of government records and improves transparency in Karnataka.,High Impact
The Election Commission Transparency Reform Bill introduces digital portals for public monitoring of government spending in Tamil Nadu.,High Impact
"Under the Right to Information Act, all government departments must release public data to citizens in Madhya Pradesh.",High Impact
The Election Commission Transparency Reform Bill introduces digital portals for public monitoring of government spending in Bihar.,High Impact
The Public Transport Permit Regulation introduces minor regulatory adjustments to administrative workflows in Maharashtra.,Low Impact
The Anti-Corruption Amendment Bill introduces digital portals for public monitoring of government spending in Uttar Pradesh.,High Impact
The State Vehicle Tax Adjustment Act introduces minor regulatory adjustments to administrative workflows in Tamil Nadu.,Low Impact
This regulation updates routine government operational rules under the Administrative Procedure Simplification Bill in Punjab.,Low Impact
The State Vehicle Tax Adjustment Act introduces minor regulatory adjustments to administrative workflows in Rajasthan.,Low Impact
The Government Office Attendance Rule Update regulates administrative procedures and operational guidelines for departments in Tamil Nadu.,Low Impact
The Municipal Parking Regulation Bill introduces minor regulatory adjustments to administrative workflows in Karnataka.,Low Impact
The Lokpal and Lokayuktas Act enhances transparency standards and civic oversight across administrative bodies in Maharashtra.,High Impact
The Government Office Attendance Rule Update introduces minor regulatory adjustments to administrative workflows in Haryana.,Low Impact
The Public Office Infrastructure Maintenance Policy introduces minor regulatory adjustments to administrative workflows in Assam.,Low Impact
The Whistle Blowers Protection Act mandates public disclosure of government records and improves transparency in Bihar.,High Impact
The Lokpal and Lokayuktas Act enhances transparency standards and civic oversight across administrative bodies in Odisha.,High Impact
This legislation strengthens citizen access to government information and accountability mechanisms in Odisha under the Election Commission Transparency Reform Bill.,High Impact
This policy revises standard office procedures and departmental management guidelines in Odisha.,Low Impact
The Public Procurement Transparency Bill introduces digital portals for public monitoring of government spending in Haryana.,High Impact
The Urban Traffic Management Amendment modifies internal administrative processes and documentation standards in Tamil Nadu.,Low Impact
This policy revises standard office procedures and departmental management guidelines in West Bengal.,Low Impact
The Government Employee Leave Regulation Update modifies internal administrative processes and documentation standards in Maharashtra.,Low Impact
The Municipal Parking Regulation Bill introduces minor regulatory adjustments to administrative workflows in Rajasthan.,Low Impact
The Election Commission Transparency Reform Bill mandates public disclosure of government records and improves transparency in Gujarat.,High Impact
The Public Records Access Reform Act introduces digital portals for public monitoring of government spending in Gujarat.,High Impact
This regulation updates routine government operational rules under the Administrative Procedure Simplification Bill in Madhya Pradesh.,Low Impact
This legislation strengthens citizen access to government information and accountability mechanisms in Gujarat under the Whistle Blowers Protection Act.,High Impact
"Under the Public Records Access Reform Act, all government departments must release public data to citizens in Assam.",High Impact
This policy revises standard office procedures and departmental management guidelines in Kerala.,Low Impact
The Government Office Attendance Rule Update introduces minor regulatory adjustments to administrative workflows in Maharashtra.,Low Impact
This regulation updates routine government operational rules under the Urban Traffic Management Amendment in Punjab.,Low Impact
The State Vehicle Tax Adjustment Act modifies internal administrative processes and documentation standards in Assam.,Low Impact
The Government Employee Leave Regulation Update regulates administrative procedures and operational guidelines for departments in Odisha.,Low Impact
"Under the Public Records Access Reform Act, all government departments must release public data to citizens in Odisha.",High Impact
The State Vehicle Tax Adjustment Act introduces minor regulatory adjustments to administrative workflows in Tamil Nadu.,Low Impact
This regulation updates routine government operational rules under the Administrative Procedure Simplification Bill in Maharashtra.,Low Impact
The Lokpal and Lokayuktas Act enhances transparency standards and civic oversight across administrative bodies in Uttar Pradesh.,High Impact
The Public Procurement Transparency Bill introduces digital portals for public monitoring of government spending in Uttar Pradesh.,High Impact
This regulation updates routine government operational rules under the Administrative Procedure Simplification Bill in Andhra Pradesh.,Low Impact
This policy revises standard office procedures and departmental management guidelines in Andhra Pradesh.,Low Impact
The Public Procurement Transparency Bill introduces digital portals for public monitoring of government spending in Gujarat.,High Impact
The Anti-Corruption Amendment Bill mandates public disclosure of government records and improves transparency in Andhra Pradesh.,High Impact
The Anti-Corruption Amendment Bill introduces digital portals for public monitoring of government spending in Punjab.,High Impact
The Public Records Access Reform Act introduces digital portals for public monitoring of government spending in Kerala.,High Impact
"Under the Open Government Data Policy, all government departments must release public data to citizens in Madhya Pradesh.",High Impact
The Departmental Reporting Format Regulation modifies internal administrative processes and documentation standards in Madhya Pradesh.,Low Impact
"Under the Whistle Blowers Protection Act, all government departments must release public data to citizens in Telangana.",High Impact
This legislation strengthens citizen access to government information and accountability mechanisms in Rajasthan under the Election Commission Transparency Reform Bill.,High Impact
The Whistle Blowers Protection Act enhances transparency standards and civic oversight across administrative bodies in Kerala.,High Impact
The Election Commission Transparency Reform Bill introduces digital portals for public monitoring of government spending in Bihar.,High Impact
The Government Office Attendance Rule Update introduces minor regulatory adjustments to administrative workflows in Madhya Pradesh.,Low Impact
This legislation strengthens citizen access to government information and accountability mechanisms in Punjab under the Right to Information Act.,High Impact
The Government Accountability and Transparency Act enhances transparency standards and civic oversight across administrative bodies in Andhra Pradesh.,High Impact
The Whistle Blowers Protection Act enhances transparency standards and civic oversight across administrative bodies in Bihar.,High Impact
This regulation updates routine government operational rules under the Urban Traffic Management Amendment in Andhra Pradesh.,Low Impact
This legislation strengthens citizen access to government information and accountability mechanisms in West Bengal under the Election Commission Transparency Reform Bill.,High Impact
This legislation strengthens citizen access to government information and accountability mechanisms in Bihar under the Right to Information Act.,High Impact
"Under the Public Records Access Reform Act, all government departments must release public data to citizens in Punjab.",High Impact
The Government Accountability and Transparency Act mandates public disclosure of government records and improves transparency in Odisha.,High Impact
The Government Employee Leave Regulation Update introduces minor regulatory adjustments to administrative workflows in Maharashtra.,Low Impact
The Municipal Parking Regulation Bill introduces minor regulatory adjustments to administrative workflows in Madhya Pradesh.,Low Impact
The Lokpal and Lokayuktas Act enhances transparency standards and civic oversight across administrative bodies in Telangana.,High Impact
The Motor Vehicles Act amendment on vehicle registration introduces minor regulatory adjustments to administrative workflows in Haryana.,Low Impact
The Government Accountability and Transparency Act mandates public disclosure of government records and improves transparency in Maharashtra.,High Impact
The Motor Vehicles Act amendment on vehicle registration regulates administrative procedures and operational guidelines for departments in Tamil Nadu.,Low Impact
This legislation strengthens citizen access to government information and accountability mechanisms in Karnataka under the Digital Personal Data Protection Act.,High Impact
The State Vehicle Tax Adjustment Act introduces minor regulatory adjustments to administrative workflows in Assam.,Low Impact
The Public Records Access Reform Act mandates public disclosure of government records and improves transparency in Maharashtra.,High Impact
This policy revises standard office procedures and departmental management guidelines in Gujarat.,Low Impact
"Under the Digital Personal Data Protection Act, all government departments must release public data to citizens in Maharashtra.",High Impact
This legislation strengthens citizen access to government information and accountability mechanisms in Madhya Pradesh under the Open Government Data Policy.,High Impact
The Government Employee Leave Regulation Update regulates administrative procedures and operational guidelines for departments in Telangana.,Low Impact
This policy revises standard office procedures and departmental management guidelines in Telangana.,Low Impact
This legislation strengthens citizen access to government information and accountability mechanisms in Bihar under the Government Accountability and Transparency Act.,High Impact
This policy revises standard office procedures and departmental management guidelines in West Bengal.,Low Impact
The Departmental Reporting Format Regulation modifies internal administrative processes and documentation standards in Kerala.,Low Impact
"Under the Government Accountability and Transparency Act, all government departments must release public data to citizens in Rajasthan.",High Impact
This policy revises standard office procedures and departmental management guidelines in Karnataka.,Low Impact
This policy revises standard office procedures and departmental management guidelines in Gujarat.,Low Impact
"Under the Election Commission Transparency Reform Bill, all government departments must release public data to citizens in Tamil Nadu.",High Impact
The Digital Personal Data Protection Act introduces digital portals for public monitoring of government spending in Gujarat.,High Impact
The Public Records Access Reform Act mandates public disclosure of government records and improves transparency in Gujarat.,High Impact
This regulation updates routine government operational rules under the Public Office Infrastructure Maintenance Policy in Kerala.,Low Impact
The Public Records Access Reform Act mandates public disclosure of government records and improves transparency in Rajasthan.,High Impact
The Public Transport Permit Regulation regulates administrative procedures and operational guidelines for departments in Madhya Pradesh.,Low Impact
This regulation updates routine government operational rules under the Public Office Infrastructure Maintenance Policy in Bihar.,Low Impact
The Public Transport Permit Regulation modifies internal administrative processes and documentation standards in Karnataka.,Low Impact
The Departmental Reporting Format Regulation introduces minor regulatory adjustments to administrative workflows in Punjab.,Low Impact
The Municipal Parking Regulation Bill modifies internal administrative processes and documentation standards in Uttar Pradesh.,Low Impact
The Anti-Corruption Amendment Bill introduces digital portals for public monitoring of government spending in Rajasthan.,High Impact
The Urban Traffic Management Amendment introduces minor regulatory adjustments to administrative workflows in Rajasthan.,Low Impact
This policy revises standard office procedures and departmental management guidelines in Punjab.,Low Impact
"Under the Election Commission Transparency Reform Bill, all government departments must release public data to citizens in Haryana.",High Impact
The Open Government Data Policy introduces digital portals for public monitoring of government spending in Tamil Nadu.,High Impact
This legislation strengthens citizen access to government information and accountability mechanisms in West Bengal under the Right to Information Act.,High Impact
"Under the Lokpal and Lokayuktas Act, all government departments must release public data to citizens in Madhya Pradesh.",High Impact
This policy revises standard office procedures and departmental management guidelines in Maharashtra.,Low Impact
This policy revises standard office procedures and departmental management guidelines in Andhra Pradesh.,Low Impact
The Motor Vehicles Act amendment on vehicle registration modifies internal administrative processes and documentation standards in West Bengal.,Low Impact
The Departmental Reporting Format Regulation regulates administrative procedures and operational guidelines for departments in Andhra Pradesh.,Low Impact
This regulation updates routine government operational rules under the Urban Traffic Management Amendment in Karnataka.,Low Impact
This regulation updates routine government operational rules under the Departmental Reporting Format Regulation in Gujarat.,Low Impact
The Motor Vehicles Act amendment on vehicle registration regulates administrative procedures and operational guidelines for departments in Punjab.,Low Impact
This policy revises standard office procedures and departmental management guidelines in West Bengal.,Low Impact
This legislation strengthens citizen access to government information and accountability mechanisms in Andhra Pradesh under the Digital Personal Data Protection Act.,High Impact
This regulation updates routine government operational rules under the Motor Vehicles Act amendment on vehicle registration in Punjab.,Low Impact
The Public Records Access Reform Act mandates public disclosure of government records and improves transparency in Uttar Pradesh.,High Impact
The Public Records Access Reform Act mandates public disclosure of government records and improves transparency in Telangana.,High Impact
The Public Office Infrastructure Maintenance Policy regulates administrative procedures and operational guidelines for departments in Andhra Pradesh.,Low Impact
This policy revises standard office procedures and departmental management guidelines in Bihar.,Low Impact
The Lokpal and Lokayuktas Act introduces digital portals for public monitoring of government spending in Maharashtra.,High Impact
The Digital Personal Data Protection Act introduces digital portals for public monitoring of government spending in West Bengal.,High Impact
This regulation updates routine government operational rules under the Government Employee Leave Regulation Update in Tamil Nadu.,Low Impact
The Departmental Reporting Format Regulation modifies internal administrative processes and documentation standards in Andhra Pradesh.,Low Impact
This regulation updates routine government operational rules under the Public Office Infrastructure Maintenance Policy in West Bengal.,Low Impact
This legislation strengthens citizen access to government information and accountability mechanisms in Haryana under the Open Government Data Policy.,High Impact
The Anti-Corruption Amendment Bill mandates public disclosure of government records and improves transparency in Madhya Pradesh.,High Impact
The Lokpal and Lokayuktas Act mandates public disclosure of government records and improves transparency in Karnataka.,High Impact
The Public Transport Permit Regulation introduces minor regulatory adjustments to administrative workflows in Madhya Pradesh.,Low Impact
The Government Accountability and Transparency Act mandates public disclosure of government records and improves transparency in Telangana.,High Impact
The Administrative Procedure Simplification Bill regulates administrative procedures and operational guidelines for departments in Rajasthan.,Low Impact
"Under the Lokpal and Lokayuktas Act, all government departments must release public data to citizens in Madhya Pradesh.",High Impact
The Digital Personal Data Protection Act enhances transparency standards and civic oversight across administrative bodies in Karnataka.,High Impact
The Public Procurement Transparency Bill enhances transparency standards and civic oversight across administrative bodies in Gujarat.,High Impact
The Public Records Access Reform Act mandates public disclosure of government records and improves transparency in Assam.,High Impact
The Lokpal and Lokayuktas Act enhances transparency standards and civic oversight across administrative bodies in Telangana.,High Impact
This legislation strengthens citizen access to government information and accountability mechanisms in Telangana under the Public Records Access Reform Act.,High Impact
The Public Procurement Transparency Bill enhances transparency standards and civic oversight across administrative bodies in Andhra Pradesh.,High Impact
The Digital Personal Data Protection Act enhances transparency standards and civic oversight across administrative bodies in Uttar Pradesh.,High Impact
This legislation strengthens citizen access to government information and accountability mechanisms in Madhya Pradesh under the Public Procurement Transparency Bill.,High Impact
The Government Accountability and Transparency Act enhances transparency standards and civic oversight across administrative bodies in Madhya Pradesh.,High Impact
The Public Records Access Reform Act enhances transparency standards and civic oversight across administrative bodies in Odisha.,High Impact
The Public Transport Permit Regulation regulates administrative procedures and operational guidelines for departments in Gujarat.,Low Impact
"Under the Government Accountability and Transparency Act, all government departments must release public data to citizens in Punjab.",High Impact
This regulation updates routine government operational rules under the Urban Traffic Management Amendment in Haryana.,Low Impact
The Right to Information Act mandates public disclosure of government records and improves transparency in Telangana.,High Impact
This policy revises standard office procedures and departmental management guidelines in Gujarat.,Low Impact
The Digital Personal Data Protection Act enhances transparency standards and civic oversight across administrative bodies in Gujarat.,High Impact
This legislation strengthens citizen access to government information and accountability mechanisms in Madhya Pradesh under the Open Government Data Policy.,High Impact
The Public Office Infrastructure Maintenance Policy introduces minor regulatory adjustments to administrative workflows in Andhra Pradesh.,Low Impact
The Public Records Access Reform Act introduces digital portals for public monitoring of government spending in Uttar Pradesh.,High Impact
The Government Accountability and Transparency Act mandates public disclosure of government records and improves transparency in Karnataka.,High Impact
This policy revises standard office procedures and departmental management guidelines in Maharashtra.,Low Impact
This legislation strengthens citizen access to government information and accountability mechanisms in Karnataka under the Public Procurement Transparency Bill.,High Impact
"Under the Digital Personal Data Protection Act, all government departments must release public data to citizens in Karnataka.",High Impact
This policy revises standard office procedures and departmental management guidelines in Kerala.,Low Impact
The Government Office Attendance Rule Update modifies internal administrative processes and documentation standards in Karnataka.,Low Impact
The Urban Traffic Management Amendment regulates administrative procedures and operational guidelines for departments in Uttar Pradesh.,Low Impact
The Election Commission Transparency Reform Bill mandates public disclosure of government records and improves transparency in Assam.,High Impact
This legislation strengthens citizen access to government information and accountability mechanisms in Haryana under the Public Records Access Reform Act.,High Impact
The Open Government Data Policy mandates public disclosure of government records and improves transparency in Assam.,High Impact
This legislation strengthens citizen access to government information and accountability mechanisms in Tamil Nadu under the Anti-Corruption Amendment Bill.,High Impact
The Government Office Attendance Rule Update introduces minor regulatory adjustments to administrative workflows in Tamil Nadu.,Low Impact
The State Vehicle Tax Adjustment Act modifies internal administrative processes and documentation standards in West Bengal.,Low Impact
The Government Accountability and Transparency Act mandates public disclosure of government records and improves transparency in Bihar.,High Impact
The Public Records Access Reform Act enhances transparency standards and civic oversight across administrative bodies in Bihar.,High Impact
The Government Accountability and Transparency Act mandates public disclosure of government records and improves transparency in West Bengal.,High Impact
This legislation strengthens citizen access to government information and accountability mechanisms in Rajasthan under the Lokpal and Lokayuktas Act.,High Impact
The Right to Information Act mandates public disclosure of government records and improves transparency in Punjab.,High Impact
"Under the Government Accountability and Transparency Act, all government departments must release public data to citizens in Haryana.",High Impact
"Under the Lokpal and Lokayuktas Act, all government departments must release public data to citizens in Gujarat.",High Impact
This regulation updates routine government operational rules under the Government Office Attendance Rule Update in Punjab.,Low Impact
This regulation updates routine government operational rules under the Municipal Parking Regulation Bill in Haryana.,Low Impact
The Public Office Infrastructure Maintenance Policy regulates administrative procedures and operational guidelines for departments in Assam.,Low Impact
This policy revises standard office procedures and departmental management guidelines in Haryana.,Low Impact
This regulation updates routine government operational rules under the Municipal Parking Regulation Bill in West Bengal.,Low Impact
The Public Transport Permit Regulation modifies internal administrative processes and documentation standards in Haryana.,Low Impact
The Public Transport Permit Regulation introduces minor regulatory adjustments to administrative workflows in Tamil Nadu.,Low Impact
This regulation updates routine government operational rules under the State Vehicle Tax Adjustment Act in Maharashtra.,Low Impact
The Public Office Infrastructure Maintenance Policy regulates administrative procedures and operational guidelines for departments in Rajasthan.,Low Impact
This regulation updates routine government operational rules under the Municipal Parking Regulation Bill in Odisha.,Low Impact
The Open Government Data Policy mandates public disclosure of government records and improves transparency in Uttar Pradesh.,High Impact
The Public Transport Permit Regulation regulates administrative procedures and operational guidelines for departments in Telangana.,Low Impact
The Public Transport Permit Regulation introduces minor regulatory adjustments to administrative workflows in Tamil Nadu.,Low Impact
The Open Government Data Policy introduces digital portals for public monitoring of government spending in Telangana.,High Impact
The Public Transport Permit Regulation regulates administrative procedures and operational guidelines for departments in Assam.,Low Impact
"Under the Whistle Blowers Protection Act, all government departments must release public data to citizens in Andhra Pradesh.",High Impact
The Whistle Blowers Protection Act mandates public disclosure of government records and improves transparency in Rajasthan.,High Impact
The Motor Vehicles Act amendment on vehicle registration introduces minor regulatory adjustments to administrative workflows in Maharashtra.,Low Impact
This regulation updates routine government operational rules under the Government Office Attendance Rule Update in Telangana.,Low Impact
The Open Government Data Policy mandates public disclosure of government records and improves transparency in Karnataka.,High Impact
The Whistle Blowers Protection Act enhances transparency standards and civic oversight across administrative bodies in Uttar Pradesh.,High Impact
This policy revises standard office procedures and departmental management guidelines in Rajasthan.,Low Impact
This regulation updates routine government operational rules under the Administrative Procedure Simplification Bill in Karnataka.,Low Impact
The Government Employee Leave Regulation Update regulates administrative procedures and operational guidelines for departments in Kerala.,Low Impact
The Public Office Infrastructure Maintenance Policy introduces minor regulatory adjustments to administrative workflows in Kerala.,Low Impact
The Open Government Data Policy introduces digital portals for public monitoring of government spending in Haryana.,High Impact
The Departmental Reporting Format Regulation introduces minor regulatory adjustments to administrative workflows in Maharashtra.,Low Impact
The Public Office Infrastructure Maintenance Policy introduces minor regulatory adjustments to administrative workflows in Tamil Nadu.,Low Impact
This policy revises standard office procedures and departmental management guidelines in Maharashtra.,Low Impact
The Departmental Reporting Format Regulation regulates administrative procedures and operational guidelines for departments in Bihar.,Low Impact
The Open Government Data Policy introduces digital portals for public monitoring of government spending in Rajasthan.,High Impact
This policy revises standard office procedures and departmental management guidelines in Andhra Pradesh.,Low Impact
The Whistle Blowers Protection Act mandates public disclosure of government records and improves transparency in Andhra Pradesh.,High Impact
The Election Commission Transparency Reform Bill enhances transparency standards and civic oversight across administrative bodies in Maharashtra.,High Impact
This policy revises standard office procedures and departmental management guidelines in Tamil Nadu.,Low Impact
"Under the Whistle Blowers Protection Act, all government departments must release public data to citizens in Andhra Pradesh.",High Impact
The State Vehicle Tax Adjustment Act modifies internal administrative processes and documentation standards in Haryana.,Low Impact
This legislation strengthens citizen access to government information and accountability mechanisms in Madhya Pradesh under the Digital Personal Data Protection Act.,High Impact
This policy revises standard office procedures and departmental management guidelines in Telangana.,Low Impact
The Government Office Attendance Rule Update modifies internal administrative processes and documentation standards in Assam.,Low Impact
The Public Transport Permit Regulation regulates administrative procedures and operational guidelines for departments in Karnataka.,Low Impact
The Public Office Infrastructure Maintenance Policy regulates administrative procedures and operational guidelines for departments in Tamil Nadu.,Low Impact
This legislation strengthens citizen access to government information and accountability mechanisms in Tamil Nadu under the Open Government Data Policy.,High Impact
The Public Office Infrastructure Maintenance Policy modifies internal administrative processes and documentation standards in Rajasthan.,Low Impact
This regulation updates routine government operational rules under the Public Office Infrastructure Maintenance Policy in Rajasthan.,Low Impact
This regulation updates routine government operational rules under the Administrative Procedure Simplification Bill in Maharashtra.,Low Impact
This regulation updates routine government operational rules under the Public Office Infrastructure Maintenance Policy in Madhya Pradesh.,Low Impact
This policy revises standard office procedures and departmental management guidelines in Rajasthan.,Low Impact
The Public Records Access Reform Act enhances transparency standards and civic oversight across administrative bodies in Madhya Pradesh.,High Impact
"Under the Whistle Blowers Protection Act, all government departments must release public data to citizens in Bihar.",High Impact
The Lokpal and Lokayuktas Act mandates public disclosure of government records and improves transparency in Punjab.,High Impact
The Election Commission Transparency Reform Bill introduces digital portals for public monitoring of government spending in Gujarat.,High Impact
The Government Office Attendance Rule Update introduces minor regulatory adjustments to administrative workflows in Gujarat.,Low Impact
This legislation strengthens citizen access to government information and accountability mechanisms in Bihar under the Lokpal and Lokayuktas Act.,High Impact
The Whistle Blowers Protection Act introduces digital portals for public monitoring of government spending in Madhya Pradesh.,High Impact
"Under the Right to Information Act, all government departments must release public data to citizens in Andhra Pradesh.",High Impact
"Under the Right to Information Act, all government departments must release public data to citizens in Assam.",High Impact
The Public Office Infrastructure Maintenance Policy modifies internal administrative processes and documentation standards in West Bengal.,Low Impact
The Government Employee Leave Regulation Update regulates administrative procedures and operational guidelines for departments in Maharashtra.,Low Impact
The Government Office Attendance Rule Update introduces minor regulatory adjustments to administrative workflows in Bihar.,Low Impact
The Public Records Access Reform Act enhances transparency standards and civic oversight across administrative bodies in Tamil Nadu.,High Impact
The Public Transport Permit Regulation introduces minor regulatory adjustments to administrative workflows in Telangana.,Low Impact
The Digital Personal Data Protection Act enhances transparency standards and civic oversight across administrative bodies in Rajasthan.,High Impact
The Digital Personal Data Protection Act introduces digital portals for public monitoring of government spending in Haryana.,High Impact
The Government Employee Leave Regulation Update regulates administrative procedures and operational guidelines for departments in Madhya Pradesh.,Low Impact
The Municipal Parking Regulation Bill introduces minor regulatory adjustments to administrative workflows in Uttar Pradesh.,Low Impact
This regulation updates routine government operational rules under the Public Transport Permit Regulation in Uttar Pradesh.,Low Impact
"Under the Anti-Corruption Amendment Bill, all government departments must release public data to citizens in Rajasthan.",High Impact
This policy revises standard office procedures and departmental management guidelines in Maharashtra.,Low Impact
This regulation updates routine government operational rules under the Motor Vehicles Act amendment on vehicle registration in Madhya Pradesh.,Low Impact
The State Vehicle Tax Adjustment Act modifies internal administrative processes and documentation standards in Uttar Pradesh.,Low Impact
"Under the Public Records Access Reform Act, all government departments must release public data to citizens in Madhya Pradesh.",High Impact
"Under the Election Commission Transparency Reform Bill, all government departments must release public data to citizens in West Bengal.",High Impact
The Municipal Parking Regulation Bill regulates administrative procedures and operational guidelines for departments in Odisha.,Low Impact
This regulation updates routine government operational rules under the Departmental Reporting Format Regulation in Andhra Pradesh.,Low Impact
This legislation strengthens citizen access to government information and accountability mechanisms in Gujarat under the Open Government Data Policy.,High Impact
The Municipal Parking Regulation Bill modifies internal administrative processes and documentation standards in Assam.,Low Impact
The State Vehicle Tax Adjustment Act introduces minor regulatory adjustments to administrative workflows in Haryana.,Low Impact
This regulation updates routine government operational rules under the Departmental Reporting Format Regulation in Andhra Pradesh.,Low Impact
The State Vehicle Tax Adjustment Act modifies internal administrative processes and documentation standards in Telangana.,Low Impact
This regulation updates routine government operational rules under the Urban Traffic Management Amendment in Bihar.,Low Impact
The Public Transport Permit Regulation regulates administrative procedures and operational guidelines for departments in Telangana.,Low Impact
The Public Records Access Reform Act mandates public disclosure of government records and improves transparency in Haryana.,High Impact
"Under the Election Commission Transparency Reform Bill, all government departments must release public data to citizens in Tamil Nadu.",High Impact
The Election Commission Transparency Reform Bill mandates public disclosure of government records and improves transparency in Tamil Nadu.,High Impact
"Under the Government Accountability and Transparency Act, all government departments must release public data to citizens in Tamil Nadu.",High Impact
The Public Office Infrastructure Maintenance Policy introduces minor regulatory adjustments to administrative workflows in Rajasthan.,Low Impact
The Public Procurement Transparency Bill introduces digital portals for public monitoring of government spending in Gujarat.,High Impact
The Public Records Access Reform Act introduces digital portals for public monitoring of government spending in Kerala.,High Impact
This regulation updates routine government operational rules under the Departmental Reporting Format Regulation in Karnataka.,Low Impact
The Government Employee Leave Regulation Update introduces minor regulatory adjustments to administrative workflows in Madhya Pradesh.,Low Impact
The Municipal Parking Regulation Bill introduces minor regulatory adjustments to administrative workflows in Rajasthan.,Low Impact
This legislation strengthens citizen access to government information and accountability mechanisms in Odisha under the Whistle Blowers Protection Act.,High Impact
This legislation strengthens citizen access to government information and accountability mechanisms in Karnataka under the Election Commission Transparency Reform Bill.,High Impact
The Urban Traffic Management Amendment introduces minor regulatory adjustments to administrative workflows in Haryana.,Low Impact
The Motor Vehicles Act amendment on vehicle registration introduces minor regulatory adjustments to administrative workflows in Punjab.,Low Impact
The Public Office Infrastructure Maintenance Policy introduces minor regulatory adjustments to administrative workflows in Gujarat.,Low Impact
The Whistle Blowers Protection Act introduces digital portals for public monitoring of government spending in Tamil Nadu.,High Impact
The Right to Information Act introduces digital portals for public monitoring of government spending in Karnataka.,High Impact
The Municipal Parking Regulation Bill modifies internal administrative processes and documentation standards in Telangana.,Low Impact
The Municipal Parking Regulation Bill introduces minor regulatory adjustments to administrative workflows in Kerala.,Low Impact
The Government Office Attendance Rule Update introduces minor regulatory adjustments to administrative workflows in West Bengal.,Low Impact
"Under the Digital Personal Data Protection Act, all government departments must release public data to citizens in West Bengal.",High Impact
The Public Office Infrastructure Maintenance Policy regulates administrative procedures and operational guidelines for departments in Maharashtra.,Low Impact
This legislation strengthens citizen access to government information and accountability mechanisms in Tamil Nadu under the Right to Information Act.,High Impact
"Under the Anti-Corruption Amendment Bill, all government departments must release public data to citizens in Rajasthan.",High Impact
This legislation strengthens citizen access to government information and accountability mechanisms in West Bengal under the Election Commission Transparency Reform Bill.,High Impact
The Municipal Parking Regulation Bill introduces minor regulatory adjustments to administrative workflows in Haryana.,Low Impact
"Under the Whistle Blowers Protection Act, all government departments must release public data to citizens in West Bengal.",High Impact
"Under the Whistle Blowers Protection Act, all government departments must release public data to citizens in Assam.",High Impact
The Open Government Data Policy enhances transparency standards and civic oversight across administrative bodies in Karnataka.,High Impact
The Urban Traffic Management Amendment modifies internal administrative processes and documentation standards in Tamil Nadu.,Low Impact
The Government Accountability and Transparency Act enhances transparency standards and civic oversight across administrative bodies in Uttar Pradesh.,High Impact
"Under the Digital Personal Data Protection Act, all government departments must release public data to citizens in Odisha.",High Impact
The Urban Traffic Management Amendment regulates administrative procedures and operational guidelines for departments in Rajasthan.,Low Impact
This policy revises standard office procedures and departmental management guidelines in Andhra Pradesh.,Low Impact
The Government Employee Leave Regulation Update modifies internal administrative processes and documentation standards in Madhya Pradesh.,Low Impact
The Government Employee Leave Regulation Update introduces minor regulatory adjustments to administrative workflows in Telangana.,Low Impact
The Right to Information Act introduces digital portals for public monitoring of government spending in Uttar Pradesh.,High Impact
The Departmental Reporting Format Regulation modifies internal administrative processes and documentation standards in Uttar Pradesh.,Low Impact
This policy revises standard office procedures and departmental management guidelines in Assam.,Low Impact
The Public Office Infrastructure Maintenance Policy regulates administrative procedures and operational guidelines for departments in Madhya Pradesh.,Low Impact
This policy revises standard office procedures and departmental management guidelines in Uttar Pradesh.,Low Impact
This regulation updates routine government operational rules under the Urban Traffic Management Amendment in Uttar Pradesh.,Low Impact
This policy revises standard office procedures and departmental management guidelines in Uttar Pradesh.,Low Impact
The Election Commission Transparency Reform Bill introduces digital portals for public monitoring of government spending in Assam.,High Impact
This legislation strengthens citizen access to government information and accountability mechanisms in Odisha under the Public Records Access Reform Act.,High Impact
The Motor Vehicles Act amendment on vehicle registration regulates administrative procedures and operational guidelines for departments in Punjab.,Low Impact
The Digital Personal Data Protection Act introduces digital portals for public monitoring of government spending in Haryana.,High Impact
This policy revises standard office procedures and departmental management guidelines in Maharashtra.,Low Impact
This regulation updates routine government operational rules under the Administrative Procedure Simplification Bill in Tamil Nadu.,Low Impact
The Digital Personal Data Protection Act mandates public disclosure of government records and improves transparency in Gujarat.,High Impact
"Under the Public Records Access Reform Act, all government departments must release public data to citizens in Kerala.",High Impact
This regulation updates routine government operational rules under the Public Office Infrastructure Maintenance Policy in Rajasthan.,Low Impact
This legislation strengthens citizen access to government information and accountability mechanisms in West Bengal under the Open Government Data Policy.,High Impact
The Public Office Infrastructure Maintenance Policy regulates administrative procedures and operational guidelines for departments in Andhra Pradesh.,Low Impact
This regulation updates routine government operational rules under the Departmental Reporting Format Regulation in Karnataka.,Low Impact
This legislation strengthens citizen access to government information and accountability mechanisms in Andhra Pradesh under the Election Commission Transparency Reform Bill.,High Impact
The Public Office Infrastructure Maintenance Policy modifies internal administrative processes and documentation standards in Punjab.,Low Impact
This regulation updates routine government operational rules under the Public Transport Permit Regulation in Tamil Nadu.,Low Impact
The Public Office Infrastructure Maintenance Policy modifies internal administrative processes and documentation standards in Karnataka.,Low Impact
"Under the Digital Personal Data Protection Act, all government departments must release public data to citizens in Kerala.",High Impact
This policy revises standard office procedures and departmental management guidelines in Haryana.,Low Impact
The Departmental Reporting Format Regulation introduces minor regulatory adjustments to administrative workflows in Andhra Pradesh.,Low Impact
The Lokpal and Lokayuktas Act introduces digital portals for public monitoring of government spending in Rajasthan.,High Impact
This regulation updates routine government operational rules under the Urban Traffic Management Amendment in Bihar.,Low Impact
The Right to Information Act mandates public disclosure of government records and improves transparency in Bihar.,High Impact
This regulation updates routine government operational rules under the State Vehicle Tax Adjustment Act in Telangana.,Low Impact
The Public Transport Permit Regulation introduces minor regulatory adjustments to administrative workflows in Bihar.,Low Impact
This legislation strengthens citizen access to government information and accountability mechanisms in Kerala under the Public Procurement Transparency Bill.,High Impact
The State Vehicle Tax Adjustment Act regulates administrative procedures and operational guidelines for departments in Gujarat.,Low Impact
The Open Government Data Policy enhances transparency standards and civic oversight across administrative bodies in Assam.,High Impact
The Open Government Data Policy enhances transparency standards and civic oversight across administrative bodies in Uttar Pradesh.,High Impact
The Public Transport Permit Regulation modifies internal administrative processes and documentation standards in Maharashtra.,Low Impact
This regulation updates routine government operational rules under the Motor Vehicles Act amendment on vehicle registration in Tamil Nadu.,Low Impact
This policy revises standard office procedures and departmental management guidelines in Punjab.,Low Impact
The Public Records Access Reform Act introduces digital portals for public monitoring of government spending in Madhya Pradesh.,High Impact
The State Vehicle Tax Adjustment Act regulates administrative procedures and operational guidelines for departments in Madhya Pradesh.,Low Impact
The Whistle Blowers Protection Act introduces digital portals for public monitoring of government spending in Maharashtra.,High Impact
The Urban Traffic Management Amendment modifies internal administrative processes and documentation standards in Madhya Pradesh.,Low Impact
The Departmental Reporting Format Regulation modifies internal administrative processes and documentation standards in Assam.,Low Impact
The State Vehicle Tax Adjustment Act modifies internal administrative processes and documentation standards in Haryana.,Low Impact
This regulation updates routine government operational rules under the Administrative Procedure Simplification Bill in Odisha.,Low Impact
The Administrative Procedure Simplification Bill introduces minor regulatory adjustments to administrative workflows in Kerala.,Low Impact
The Administrative Procedure Simplification Bill introduces minor regulatory adjustments to administrative workflows in Haryana.,Low Impact
The State Vehicle Tax Adjustment Act introduces minor regulatory adjustments to administrative workflows in Bihar.,Low Impact
The Public Transport Permit Regulation regulates administrative procedures and operational guidelines for departments in West Bengal.,Low Impact
The Government Office Attendance Rule Update regulates administrative procedures and operational guidelines for departments in Maharashtra.,Low Impact
The Public Office Infrastructure Maintenance Policy introduces minor regulatory adjustments to administrative workflows in Gujarat.,Low Impact
The Administrative Procedure Simplification Bill modifies internal administrative processes and documentation standards in Kerala.,Low Impact
The Public Office Infrastructure Maintenance Policy modifies internal administrative processes and documentation standards in Odisha.,Low Impact
The Municipal Parking Regulation Bill introduces minor regulatory adjustments to administrative workflows in Andhra Pradesh.,Low Impact
This legislation strengthens citizen access to government information and accountability mechanisms in Kerala under the Anti-Corruption Amendment Bill.,High Impact
The Lokpal and Lokayuktas Act introduces digital portals for public monitoring of government spending in Tamil Nadu.,High Impact
This policy revises standard office procedures and departmental management guidelines in Karnataka.,Low Impact
"Under the Whistle Blowers Protection Act, all government departments must release public data to citizens in Maharashtra.",High Impact
The Urban Traffic Management Amendment introduces minor regulatory adjustments to administrative workflows in Kerala.,Low Impact
This legislation strengthens citizen access to government information and accountability mechanisms in Gujarat under the Lokpal and Lokayuktas Act.,High Impact
"Under the Election Commission Transparency Reform Bill, all government departments must release public data to citizens in Odisha.",High Impact
The Digital Personal Data Protection Act mandates public disclosure of government records and improves transparency in Odisha.,High Impact
The Motor Vehicles Act amendment on vehicle registration introduces minor regulatory adjustments to administrative workflows in Uttar Pradesh.,Low Impact
The State Vehicle Tax Adjustment Act modifies internal administrative processes and documentation standards in Karnataka.,Low Impact
The Government Accountability and Transparency Act enhances transparency standards and civic oversight across administrative bodies in Rajasthan.,High Impact
"Under the Election Commission Transparency Reform Bill, all government departments must release public data to citizens in Kerala.",High Impact
The Government Office Attendance Rule Update introduces minor regulatory adjustments to administrative workflows in Kerala.,Low Impact
"Under the Open Government Data Policy, all government departments must release public data to citizens in Madhya Pradesh.",High Impact
This regulation updates routine government operational rules under the Municipal Parking Regulation Bill in Madhya Pradesh.,Low Impact
The Government Employee Leave Regulation Update modifies internal administrative processes and documentation standards in Andhra Pradesh.,Low Impact
The Lokpal and Lokayuktas Act mandates public disclosure of government records and improves transparency in Telangana.,High Impact
The Anti-Corruption Amendment Bill introduces digital portals for public monitoring of government spending in Punjab.,High Impact
The State Vehicle Tax Adjustment Act modifies internal administrative processes and documentation standards in Haryana.,Low Impact
The Anti-Corruption Amendment Bill enhances transparency standards and civic oversight across administrative bodies in Andhra Pradesh.,High Impact
"Under the Whistle Blowers Protection Act, all government departments must release public data to citizens in Gujarat.",High Impact
The Public Procurement Transparency Bill enhances transparency standards and civic oversight across administrative bodies in Maharashtra.,High Impact
The Right to Information Act introduces digital portals for public monitoring of government spending in Bihar.,High Impact
This regulation updates routine government operational rules under the Administrative Procedure Simplification Bill in Andhra Pradesh.,Low Impact
The Digital Personal Data Protection Act enhances transparency standards and civic oversight across administrative bodies in Telangana.,High Impact
This policy revises standard office procedures and departmental management guidelines in Kerala.,Low Impact
The Public Transport Permit Regulation modifies internal administrative processes and documentation standards in Maharashtra.,Low Impact
The Government Office Attendance Rule Update modifies internal administrative processes and documentation standards in Haryana.,Low Impact
The Public Office Infrastructure Maintenance Policy regulates administrative procedures and operational guidelines for departments in Uttar Pradesh.,Low Impact
The Whistle Blowers Protection Act mandates public disclosure of government records and improves transparency in Tamil Nadu.,High Impact
The Government Accountability and Transparency Act introduces digital portals for public monitoring of government spending in Madhya Pradesh.,High Impact
The Government Accountability and Transparency Act mandates public disclosure of government records and improves transparency in Karnataka.,High Impact
The Departmental Reporting Format Regulation introduces minor regulatory adjustments to administrative workflows in Odisha.,Low Impact
This legislation strengthens citizen access to government information and accountability mechanisms in Uttar Pradesh under the Anti-Corruption Amendment Bill.,High Impact
The Open Government Data Policy mandates public disclosure of government records and improves transparency in Bihar.,High Impact
"Under the Anti-Corruption Amendment Bill, all government departments must release public data to citizens in West Bengal.",High Impact
The State Vehicle Tax Adjustment Act modifies internal administrative processes and documentation standards in Telangana.,Low Impact
"Under the Public Records Access Reform Act, all government departments must release public data to citizens in Odisha.",High Impact
The Election Commission Transparency Reform Bill introduces digital portals for public monitoring of government spending in Madhya Pradesh.,High Impact
This legislation strengthens citizen access to government information and accountability mechanisms in West Bengal under the Right to Information Act.,High Impact
This regulation updates routine government operational rules under the Urban Traffic Management Amendment in Uttar Pradesh.,Low Impact
The Election Commission Transparency Reform Bill introduces digital portals for public monitoring of government spending in Assam.,High Impact
The Anti-Corruption Amendment Bill introduces digital portals for public monitoring of government spending in Bihar.,High Impact
The Government Accountability and Transparency Act mandates public disclosure of government records and improves transparency in Andhra Pradesh.,High Impact
This legislation strengthens citizen access to government information and accountability mechanisms in Odisha under the Public Records Access Reform Act.,High Impact
This legislation strengthens citizen access to government information and accountability mechanisms in Tamil Nadu under the Public Records Access Reform Act.,High Impact
"Under the Whistle Blowers Protection Act, all government departments must release public data to citizens in Gujarat.",High Impact
"Under the Whistle Blowers Protection Act, all government departments must release public data to citizens in Uttar Pradesh.",High Impact
The Government Employee Leave Regulation Update modifies internal administrative processes and documentation standards in Haryana.,Low Impact
The State Vehicle Tax Adjustment Act regulates administrative procedures and operational guidelines for departments in Odisha.,Low Impact
This regulation updates routine government operational rules under the Municipal Parking Regulation Bill in Odisha.,Low Impact
The Departmental Reporting Format Regulation modifies internal administrative processes and documentation standards in Bihar.,Low Impact
The Municipal Parking Regulation Bill introduces minor regulatory adjustments to administrative workflows in Rajasthan.,Low Impact
The Anti-Corruption Amendment Bill mandates public disclosure of government records and improves transparency in Telangana.,High Impact
The Motor Vehicles Act amendment on vehicle registration modifies internal administrative processes and documentation standards in Telangana.,Low Impact
"Under the Whistle Blowers Protection Act, all government departments must release public data to citizens in Assam.",High Impact
The Motor Vehicles Act amendment on vehicle registration modifies internal administrative processes and documentation standards in Telangana.,Low Impact
The Public Transport Permit Regulation regulates administrative procedures and operational guidelines for departments in Tamil Nadu.,Low Impact
The Government Office Attendance Rule Update introduces minor regulatory adjustments to administrative workflows in Bihar.,Low Impact
This policy revises standard office procedures and departmental management guidelines in Kerala.,Low Impact
This legislation strengthens citizen access to government information and accountability mechanisms in Rajasthan under the Public Procurement Transparency Bill.,High Impact
The Motor Vehicles Act amendment on vehicle registration introduces minor regulatory adjustments to administrative workflows in Uttar Pradesh.,Low Impact
The Public Office Infrastructure Maintenance Policy modifies internal administrative processes and documentation standards in Haryana.,Low Impact
This legislation strengthens citizen access to government information and accountability mechanisms in Rajasthan under the Open Government Data Policy.,High Impact
The Public Transport Permit Regulation regulates administrative procedures and operational guidelines for departments in Rajasthan.,Low Impact
This policy revises standard office procedures and departmental management guidelines in Telangana.,Low Impact
This policy revises standard office procedures and departmental management guidelines in Odisha.,Low Impact
The Digital Personal Data Protection Act introduces digital portals for public monitoring of government spending in Rajasthan.,High Impact
This regulation updates routine government operational rules under the Public Office Infrastructure Maintenance Policy in Punjab.,Low Impact
This policy revises standard office procedures and departmental management guidelines in Telangana.,Low Impact
The Open Government Data Policy introduces digital portals for public monitoring of government spending in Telangana.,High Impact
This regulation updates routine government operational rules under the Departmental Reporting Format Regulation in Haryana.,Low Impact
The Government Employee Leave Regulation Update modifies internal administrative processes and documentation standards in Rajasthan.,Low Impact
The Digital Personal Data Protection Act enhances transparency standards and civic oversight across administrative bodies in Kerala.,High Impact
The Anti-Corruption Amendment Bill enhances transparency standards and civic oversight across administrative bodies in Odisha.,High Impact
"Under the Public Records Access Reform Act, all government departments must release public data to citizens in Gujarat.",High Impact
"Under the Public Procurement Transparency Bill, all government departments must release public data to citizens in West Bengal.",High Impact
The Public Procurement Transparency Bill introduces digital portals for public monitoring of government spending in Assam.,High Impact
The Lokpal and Lokayuktas Act enhances transparency standards and civic oversight across administrative bodies in Andhra Pradesh.,High Impact
The Municipal Parking Regulation Bill introduces minor regulatory adjustments to administrative workflows in Gujarat.,Low Impact
The Lokpal and Lokayuktas Act introduces digital portals for public monitoring of government spending in Punjab.,High Impact
The Public Records Access Reform Act mandates public disclosure of government records and improves transparency in Andhra Pradesh.,High Impact
The Administrative Procedure Simplification Bill regulates administrative procedures and operational guidelines for departments in Madhya Pradesh.,Low Impact
The Right to Information Act introduces digital portals for public monitoring of government spending in Tamil Nadu.,High Impact
The Government Office Attendance Rule Update regulates administrative procedures and operational guidelines for departments in Telangana.,Low Impact
The Lokpal and Lokayuktas Act enhances transparency standards and civic oversight across administrative bodies in Rajasthan.,High Impact
The Digital Personal Data Protection Act enhances transparency standards and civic oversight across administrative bodies in Andhra Pradesh.,High Impact
The Public Office Infrastructure Maintenance Policy modifies internal administrative processes and documentation standards in Tamil Nadu.,Low Impact
The Government Accountability and Transparency Act mandates public disclosure of government records and improves transparency in Gujarat.,High Impact
The Departmental Reporting Format Regulation regulates administrative procedures and operational guidelines for departments in Kerala.,Low Impact
This regulation updates routine government operational rules under the Urban Traffic Management Amendment in Assam.,Low Impact
The Right to Information Act mandates public disclosure of government records and improves transparency in Uttar Pradesh.,High Impact
The Whistle Blowers Protection Act introduces digital portals for public monitoring of government spending in Kerala.,High Impact
The Public Records Access Reform Act introduces digital portals for public monitoring of government spending in Rajasthan.,High Impact
The Municipal Parking Regulation Bill regulates administrative procedures and operational guidelines for departments in Tamil Nadu.,Low Impact
This policy revises standard office procedures and departmental management guidelines in Assam.,Low Impact
This regulation updates routine government operational rules under the Motor Vehicles Act amendment on vehicle registration in Rajasthan.,Low Impact
The Administrative Procedure Simplification Bill regulates administrative procedures and operational guidelines for departments in Gujarat.,Low Impact
The Anti-Corruption Amendment Bill introduces digital portals for public monitoring of government spending in Odisha.,High Impact
The Right to Information Act mandates public disclosure of government records and improves transparency in Haryana.,High Impact
This legislation strengthens citizen access to government information and accountability mechanisms in Assam under the Whistle Blowers Protection Act.,High Impact
This policy revises standard office procedures and departmental management guidelines in Odisha.,Low Impact
The Government Accountability and Transparency Act mandates public disclosure of government records and improves transparency in Gujarat.,High Impact
The Anti-Corruption Amendment Bill mandates public disclosure of government records and improves transparency in Madhya Pradesh.,High Impact
The Government Office Attendance Rule Update modifies internal administrative processes and documentation standards in Uttar Pradesh.,Low Impact
The Right to Information Act mandates public disclosure of government records and improves transparency in Bihar.,High Impact
This regulation updates routine government operational rules under the Public Office Infrastructure Maintenance Policy in Gujarat.,Low Impact
The Digital Personal Data Protection Act enhances transparency standards and civic oversight across administrative bodies in Karnataka.,High Impact
The Lokpal and Lokayuktas Act enhances transparency standards and civic oversight across administrative bodies in Kerala.,High Impact
The Open Government Data Policy mandates public disclosure of government records and improves transparency in Bihar.,High Impact
This legislation strengthens citizen access to government information and accountability mechanisms in Gujarat under the Public Records Access Reform Act.,High Impact
The Public Records Access Reform Act enhances transparency standards and civic oversight across administrative bodies in Gujarat.,High Impact
The Digital Personal Data Protection Act enhances transparency standards and civic oversight across administrative bodies in Gujarat.,High Impact
The Public Office Infrastructure Maintenance Policy regulates administrative procedures and operational guidelines for departments in Telangana.,Low Impact
The Digital Personal Data Protection Act introduces digital portals for public monitoring of government spending in Bihar.,High Impact
This regulation updates routine government operational rules under the State Vehicle Tax Adjustment Act in Maharashtra.,Low Impact
This regulation updates routine government operational rules under the Government Employee Leave Regulation Update in Madhya Pradesh.,Low Impact
The Municipal Parking Regulation Bill regulates administrative procedures and operational guidelines for departments in Assam.,Low Impact
This policy revises standard office procedures and departmental management guidelines in Uttar Pradesh.,Low Impact
This legislation strengthens citizen access to government information and accountability mechanisms in Gujarat under the Right to Information Act.,High Impact
The Election Commission Transparency Reform Bill introduces digital portals for public monitoring of government spending in Tamil Nadu.,High Impact
"Under the Right to Information Act, all government departments must release public data to citizens in Rajasthan.",High Impact
The Lokpal and Lokayuktas Act introduces digital portals for public monitoring of government spending in Gujarat.,High Impact
The Right to Information Act introduces digital portals for public monitoring of government spending in Haryana.,High Impact
This policy revises standard office procedures and departmental management guidelines in Gujarat.,Low Impact
This legislation strengthens citizen access to government information and accountability mechanisms in Assam under the Public Procurement Transparency Bill.,High Impact
This legislation strengthens citizen access to government information and accountability mechanisms in Kerala under the Right to Information Act.,High Impact
The Administrative Procedure Simplification Bill introduces minor regulatory adjustments to administrative workflows in Gujarat.,Low Impact
The Municipal Parking Regulation Bill regulates administrative procedures and operational guidelines for departments in Rajasthan.,Low Impact
This regulation updates routine government operational rules under the Departmental Reporting Format Regulation in Odisha.,Low Impact
The Government Employee Leave Regulation Update introduces minor regulatory adjustments to administrative workflows in Odisha.,Low Impact
The Public Procurement Transparency Bill mandates public disclosure of government records and improves transparency in Kerala.,High Impact
This regulation updates routine government operational rules under the State Vehicle Tax Adjustment Act in Kerala.,Low Impact
The Urban Traffic Management Amendment regulates administrative procedures and operational guidelines for departments in Haryana.,Low Impact
This legislation strengthens citizen access to government information and accountability mechanisms in Gujarat under the Public Procurement Transparency Bill.,High Impact
The Government Office Attendance Rule Update introduces minor regulatory adjustments to administrative workflows in Assam.,Low Impact
The Public Office Infrastructure Maintenance Policy regulates administrative procedures and operational guidelines for departments in Uttar Pradesh.,Low Impact
The Administrative Procedure Simplification Bill introduces minor regulatory adjustments to administrative workflows in Telangana.,Low Impact
"Under the Lokpal and Lokayuktas Act, all government departments must release public data to citizens in Assam.",High Impact
"Under the Election Commission Transparency Reform Bill, all government departments must release public data to citizens in Punjab.",High Impact
This regulation updates routine government operational rules under the State Vehicle Tax Adjustment Act in West Bengal.,Low Impact
"Under the Public Procurement Transparency Bill, all government departments must release public data to citizens in Bihar.",High Impact
The Municipal Parking Regulation Bill regulates administrative procedures and operational guidelines for departments in Tamil Nadu.,Low Impact
The Public Records Access Reform Act mandates public disclosure of government records and improves transparency in Telangana.,High Impact
"Under the Government Accountability and Transparency Act, all government departments must release public data to citizens in Rajasthan.",High Impact
This legislation strengthens citizen access to government information and accountability mechanisms in Haryana under the Right to Information Act.,High Impact
"Under the Digital Personal Data Protection Act, all government departments must release public data to citizens in Tamil Nadu.",High Impact
The Right to Information Act enhances transparency standards and civic oversight across administrative bodies in Punjab.,High Impact
The Motor Vehicles Act amendment on vehicle registration introduces minor regulatory adjustments to administrative workflows in Odisha.,Low Impact
The Motor Vehicles Act amendment on vehicle registration modifies internal administrative processes and documentation standards in Maharashtra.,Low Impact
The Municipal Parking Regulation Bill regulates administrative procedures and operational guidelines for departments in Madhya Pradesh.,Low Impact
This legislation strengthens citizen access to government information and accountability mechanisms in Kerala under the Anti-Corruption Amendment Bill.,High Impact
The Government Office Attendance Rule Update modifies internal administrative processes and documentation standards in Rajasthan.,Low Impact
This regulation updates routine government operational rules under the Administrative Procedure Simplification Bill in West Bengal.,Low Impact
The Public Office Infrastructure Maintenance Policy regulates administrative procedures and operational guidelines for departments in Tamil Nadu.,Low Impact
The Public Office Infrastructure Maintenance Policy regulates administrative procedures and operational guidelines for departments in Punjab.,Low Impact
The Government Employee Leave Regulation Update regulates administrative procedures and operational guidelines for departments in Tamil Nadu.,Low Impact
The Motor Vehicles Act amendment on vehicle registration introduces minor regulatory adjustments to administrative workflows in Andhra Pradesh.,Low Impact
This policy revises standard office procedures and departmental management guidelines in Rajasthan.,Low Impact
The Anti-Corruption Amendment Bill enhances transparency standards and civic oversight across administrative bodies in Bihar.,High Impact
The State Vehicle Tax Adjustment Act modifies internal administrative processes and documentation standards in Rajasthan.,Low Impact
This legislation strengthens citizen access to government information and accountability mechanisms in Haryana under the Right to Information Act.,High Impact
The Departmental Reporting Format Regulation modifies internal administrative processes and documentation standards in Assam.,Low Impact
This regulation updates routine government operational rules under the Motor Vehicles Act amendment on vehicle registration in Maharashtra.,Low Impact
The Public Office Infrastructure Maintenance Policy introduces minor regulatory adjustments to administrative workflows in Assam.,Low Impact
The Right to Information Act introduces digital portals for public monitoring of government spending in Andhra Pradesh.,High Impact
The Right to Information Act enhances transparency standards and civic oversight across administrative bodies in Bihar.,High Impact
The Anti-Corruption Amendment Bill introduces digital portals for public monitoring of government spending in Kerala.,High Impact
This regulation updates routine government operational rules under the Urban Traffic Management Amendment in Punjab.,Low Impact
The Election Commission Transparency Reform Bill mandates public disclosure of government records and improves transparency in Haryana.,High Impact
This legislation strengthens citizen access to government information and accountability mechanisms in West Bengal under the Whistle Blowers Protection Act.,High Impact
The Whistle Blowers Protection Act enhances transparency standards and civic oversight across administrative bodies in Telangana.,High Impact
"Under the Anti-Corruption Amendment Bill, all government departments must release public data to citizens in West Bengal.",High Impact
This regulation updates routine government operational rules under the Departmental Reporting Format Regulation in Gujarat.,Low Impact
The Election Commission Transparency Reform Bill mandates public disclosure of government records and improves transparency in West Bengal.,High Impact
The Government Office Attendance Rule Update introduces minor regulatory adjustments to administrative workflows in Gujarat.,Low Impact
This legislation strengthens citizen access to government information and accountability mechanisms in Tamil Nadu under the Lokpal and Lokayuktas Act.,High Impact
The Government Office Attendance Rule Update introduces minor regulatory adjustments to administrative workflows in Uttar Pradesh.,Low Impact
The Administrative Procedure Simplification Bill regulates administrative procedures and operational guidelines for departments in Andhra Pradesh.,Low Impact
The Public Procurement Transparency Bill mandates public disclosure of government records and improves transparency in Karnataka.,High Impact
The Municipal Parking Regulation Bill introduces minor regulatory adjustments to administrative workflows in Bihar.,Low Impact
"Under the Election Commission Transparency Reform Bill, all government departments must release public data to citizens in Odisha.",High Impact
The Motor Vehicles Act amendment on vehicle registration modifies internal administrative processes and documentation standards in Bihar.,Low Impact
This legislation strengthens citizen access to government information and accountability mechanisms in Kerala under the Lokpal and Lokayuktas Act.,High Impact
This regulation updates routine government operational rules under the Municipal Parking Regulation Bill in Madhya Pradesh.,Low Impact
The Administrative Procedure Simplification Bill introduces minor regulatory adjustments to administrative workflows in Odisha.,Low Impact
This policy revises standard office procedures and departmental management guidelines in Madhya Pradesh.,Low Impact
The Administrative Procedure Simplification Bill regulates administrative procedures and operational guidelines for departments in Andhra Pradesh.,Low Impact
The Government Accountability and Transparency Act mandates public disclosure of government records and improves transparency in Punjab.,High Impact
The Public Records Access Reform Act mandates public disclosure of government records and improves transparency in West Bengal.,High Impact
The Election Commission Transparency Reform Bill enhances transparency standards and civic oversight across administrative bodies in Karnataka.,High Impact
"Under the Whistle Blowers Protection Act, all government departments must release public data to citizens in Haryana.",High Impact
This regulation updates routine government operational rules under the Administrative Procedure Simplification Bill in Maharashtra.,Low Impact
The Government Accountability and Transparency Act introduces digital portals for public monitoring of government spending in Assam.,High Impact
The Government Office Attendance Rule Update modifies internal administrative processes and documentation standards in Haryana.,Low Impact
The Lokpal and Lokayuktas Act introduces digital portals for public monitoring of government spending in Andhra Pradesh.,High Impact
The Public Office Infrastructure Maintenance Policy modifies internal administrative processes and documentation standards in Uttar Pradesh.,Low Impact
The Government Office Attendance Rule Update regulates administrative procedures and operational guidelines for departments in Madhya Pradesh.,Low Impact
The Whistle Blowers Protection Act enhances transparency standards and civic oversight across administrative bodies in Punjab.,High Impact
The Public Office Infrastructure Maintenance Policy regulates administrative procedures and operational guidelines for departments in Haryana.,Low Impact
The Public Transport Permit Regulation introduces minor regulatory adjustments to administrative workflows in Maharashtra.,Low Impact
The Public Office Infrastructure Maintenance Policy introduces minor regulatory adjustments to administrative workflows in Maharashtra.,Low Impact
The Public Records Access Reform Act mandates public disclosure of government records and improves transparency in Andhra Pradesh.,High Impact
"Under the Open Government Data Policy, all government departments must release public data to citizens in Assam.",High Impact
The Government Accountability and Transparency Act mandates public disclosure of government records and improves transparency in Uttar Pradesh.,High Impact
This policy revises standard office procedures and departmental management guidelines in West Bengal.,Low Impact
The Election Commission Transparency Reform Bill introduces digital portals for public monitoring of government spending in Tamil Nadu.,High Impact
The Election Commission Transparency Reform Bill introduces digital portals for public monitoring of government spending in Kerala.,High Impact
The Departmental Reporting Format Regulation regulates administrative procedures and operational guidelines for departments in Haryana.,Low Impact
The Public Records Access Reform Act mandates public disclosure of government records and improves transparency in Punjab.,High Impact
The Government Office Attendance Rule Update regulates administrative procedures and operational guidelines for departments in Maharashtra.,Low Impact
This regulation updates routine government operational rules under the Departmental Reporting Format Regulation in Punjab.,Low Impact
"Under the Public Procurement Transparency Bill, all government departments must release public data to citizens in Maharashtra.",High Impact
The Government Office Attendance Rule Update introduces minor regulatory adjustments to administrative workflows in West Bengal.,Low Impact
This regulation updates routine government operational rules under the Public Office Infrastructure Maintenance Policy in West Bengal.,Low Impact
The Right to Information Act introduces digital portals for public monitoring of government spending in Bihar.,High Impact
The Public Office Infrastructure Maintenance Policy introduces minor regulatory adjustments to administrative workflows in Kerala.,Low Impact
This regulation updates routine government operational rules under the Government Office Attendance Rule Update in Andhra Pradesh.,Low Impact
This policy revises standard office procedures and departmental management guidelines in Kerala.,Low Impact
The Election Commission Transparency Reform Bill enhances transparency standards and civic oversight across administrative bodies in Gujarat.,High Impact
The Administrative Procedure Simplification Bill modifies internal administrative processes and documentation standards in Bihar.,Low Impact
The Lokpal and Lokayuktas Act introduces digital portals for public monitoring of government spending in Rajasthan.,High Impact
The Anti-Corruption Amendment Bill enhances transparency standards and civic oversight across administrative bodies in Gujarat.,High Impact
The Urban Traffic Management Amendment regulates administrative procedures and operational guidelines for departments in Andhra Pradesh.,Low Impact
The Public Procurement Transparency Bill introduces digital portals for public monitoring of government spending in Gujarat.,High Impact
This legislation strengthens citizen access to government information and accountability mechanisms in Rajasthan under the Government Accountability and Transparency Act.,High Impact
The Digital Personal Data Protection Act introduces digital portals for public monitoring of government spending in Maharashtra.,High Impact
"Under the Election Commission Transparency Reform Bill, all government departments must release public data to citizens in Maharashtra.",High Impact
The Government Employee Leave Regulation Update regulates administrative procedures and operational guidelines for departments in Haryana.,Low Impact
The Municipal Parking Regulation Bill regulates administrative procedures and operational guidelines for departments in Uttar Pradesh.,Low Impact
"Under the Public Records Access Reform Act, all government departments must release public data to citizens in Karnataka.",High Impact
The Digital Personal Data Protection Act enhances transparency standards and civic oversight across administrative bodies in Rajasthan.,High Impact
The Public Transport Permit Regulation modifies internal administrative processes and documentation standards in Bihar.,Low Impact
"Under the Public Procurement Transparency Bill, all government departments must release public data to citizens in West Bengal.",High Impact
"Under the Open Government Data Policy, all government departments must release public data to citizens in Odisha.",High Impact
The Whistle Blowers Protection Act mandates public disclosure of government records and improves transparency in Gujarat.,High Impact
This policy revises standard office procedures and departmental management guidelines in Punjab.,Low Impact
This policy revises standard office procedures and departmental management guidelines in Assam.,Low Impact
The Public Transport Permit Regulation regulates administrative procedures and operational guidelines for departments in Madhya Pradesh.,Low Impact
The Government Employee Leave Regulation Update introduces minor regulatory adjustments to administrative workflows in Kerala.,Low Impact
The State Vehicle Tax Adjustment Act modifies internal administrative processes and documentation standards in Bihar.,Low Impact
The Digital Personal Data Protection Act introduces digital portals for public monitoring of government spending in Maharashtra.,High Impact
"Under the Public Records Access Reform Act, all government departments must release public data to citizens in Kerala.",High Impact
The Motor Vehicles Act amendment on vehicle registration regulates administrative procedures and operational guidelines for departments in Punjab.,Low Impact
The Government Accountability and Transparency Act introduces digital portals for public monitoring of government spending in Gujarat.,High Impact
The Public Transport Permit Regulation modifies internal administrative processes and documentation standards in Rajasthan.,Low Impact
The Government Accountability and Transparency Act enhances transparency standards and civic oversight across administrative bodies in Madhya Pradesh.,High Impact
The Public Records Access Reform Act introduces digital portals for public monitoring of government spending in Maharashtra.,High Impact
This policy revises standard office procedures and departmental management guidelines in Karnataka.,Low Impact
This regulation updates routine government operational rules under the Government Office Attendance Rule Update in Tamil Nadu.,Low Impact
"Under the Anti-Corruption Amendment Bill, all government departments must release public data to citizens in Uttar Pradesh.",High Impact
This regulation updates routine government operational rules under the Urban Traffic Management Amendment in Bihar.,Low Impact
The Election Commission Transparency Reform Bill introduces digital portals for public monitoring of government spending in Andhra Pradesh.,High Impact
This regulation updates routine government operational rules under the Departmental Reporting Format Regulation in Andhra Pradesh.,Low Impact
The Public Procurement Transparency Bill introduces digital portals for public monitoring of government spending in Gujarat.,High Impact
The Public Transport Permit Regulation introduces minor regulatory adjustments to administrative workflows in Bihar.,Low Impact
The Departmental Reporting Format Regulation introduces minor regulatory adjustments to administrative workflows in Haryana.,Low Impact
The Municipal Parking Regulation Bill introduces minor regulatory adjustments to administrative workflows in Punjab.,Low Impact
The Administrative Procedure Simplification Bill regulates administrative procedures and operational guidelines for departments in Gujarat.,Low Impact
This legislation strengthens citizen access to government information and accountability mechanisms in Uttar Pradesh under the Digital Personal Data Protection Act.,High Impact
The Anti-Corruption Amendment Bill enhances transparency standards and civic oversight across administrative bodies in Assam.,High Impact
This policy revises standard office procedures and departmental management guidelines in Uttar Pradesh.,Low Impact
This policy revises standard office procedures and departmental management guidelines in Telangana.,Low Impact
This policy revises standard office procedures and departmental management guidelines in Madhya Pradesh.,Low Impact
The Municipal Parking Regulation Bill introduces minor regulatory adjustments to administrative workflows in Odisha.,Low Impact
This policy revises standard office procedures and departmental management guidelines in Uttar Pradesh.,Low Impact
The Municipal Parking Regulation Bill modifies internal administrative processes and documentation standards in Odisha.,Low Impact
"Under the Anti-Corruption Amendment Bill, all government departments must release public data to citizens in Andhra Pradesh.",High Impact
The Municipal Parking Regulation Bill modifies internal administrative processes and documentation standards in Tamil Nadu.,Low Impact
The Motor Vehicles Act amendment on vehicle registration regulates administrative procedures and operational guidelines for departments in Punjab.,Low Impact
The Public Records Access Reform Act enhances transparency standards and civic oversight across administrative bodies in Uttar Pradesh.,High Impact
This regulation updates routine government operational rules under the Urban Traffic Management Amendment in Assam.,Low Impact
"Under the Election Commission Transparency Reform Bill, all government departments must release public data to citizens in Assam.",High Impact
This policy revises standard office procedures and departmental management guidelines in Haryana.,Low Impact
The Election Commission Transparency Reform Bill introduces digital portals for public monitoring of government spending in Bihar.,High Impact
The Anti-Corruption Amendment Bill introduces digital portals for public monitoring of government spending in West Bengal.,High Impact
The Lokpal and Lokayuktas Act enhances transparency standards and civic oversight across administrative bodies in Uttar Pradesh.,High Impact
The Public Procurement Transparency Bill introduces digital portals for public monitoring of government spending in Telangana.,High Impact
This legislation strengthens citizen access to government information and accountability mechanisms in Madhya Pradesh under the Open Government Data Policy.,High Impact
The Government Employee Leave Regulation Update introduces minor regulatory adjustments to administrative workflows in Karnataka.,Low Impact
The Right to Information Act introduces digital portals for public monitoring of government spending in Madhya Pradesh.,High Impact
"Under the Lokpal and Lokayuktas Act, all government departments must release public data to citizens in Karnataka.",High Impact
The Administrative Procedure Simplification Bill introduces minor regulatory adjustments to administrative workflows in West Bengal.,Low Impact
The Open Government Data Policy introduces digital portals for public monitoring of government spending in Punjab.,High Impact
The Government Office Attendance Rule Update regulates administrative procedures and operational guidelines for departments in Karnataka.,Low Impact
This legislation strengthens citizen access to government information and accountability mechanisms in Telangana under the Public Procurement Transparency Bill.,High Impact
The Public Records Access Reform Act introduces digital portals for public monitoring of government spending in Tamil Nadu.,High Impact
This regulation updates routine government operational rules under the Urban Traffic Management Amendment in Andhra Pradesh.,Low Impact
The Urban Traffic Management Amendment introduces minor regulatory adjustments to administrative workflows in Bihar.,Low Impact
This legislation strengthens citizen access to government information and accountability mechanisms in Karnataka under the Lokpal and Lokayuktas Act.,High Impact
"Under the Public Records Access Reform Act, all government departments must release public data to citizens in Bihar.",High Impact
The Government Office Attendance Rule Update introduces minor regulatory adjustments to administrative workflows in Odisha.,Low Impact
This policy revises standard office procedures and departmental management guidelines in Madhya Pradesh.,Low Impact
This legislation strengthens citizen access to government information and accountability mechanisms in Madhya Pradesh under the Digital Personal Data Protection Act.,High Impact
The Municipal Parking Regulation Bill modifies internal administrative processes and documentation standards in Assam.,Low Impact
The Lokpal and Lokayuktas Act introduces digital portals for public monitoring of government spending in Uttar Pradesh.,High Impact
The Departmental Reporting Format Regulation modifies internal administrative processes and documentation standards in Telangana.,Low Impact
The Public Office Infrastructure Maintenance Policy modifies internal administrative processes and documentation standards in West Bengal.,Low Impact
The Public Records Access Reform Act enhances transparency standards and civic oversight across administrative bodies in West Bengal.,High Impact
This policy revises standard office procedures and departmental management guidelines in Tamil Nadu.,Low Impact
The Government Accountability and Transparency Act enhances transparency standards and civic oversight across administrative bodies in Madhya Pradesh.,High Impact
"Under the Lokpal and Lokayuktas Act, all government departments must release public data to citizens in Uttar Pradesh.",High Impact
The Government Office Attendance Rule Update introduces minor regulatory adjustments to administrative workflows in Telangana.,Low Impact
The Urban Traffic Management Amendment regulates administrative procedures and operational guidelines for departments in Bihar.,Low Impact
This regulation updates routine government operational rules under the Public Office Infrastructure Maintenance Policy in Bihar.,Low Impact
The Anti-Corruption Amendment Bill enhances transparency standards and civic oversight across administrative bodies in Madhya Pradesh.,High Impact
The State Vehicle Tax Adjustment Act modifies internal administrative processes and documentation standards in Haryana.,Low Impact
The Municipal Parking Regulation Bill modifies internal administrative processes and documentation standards in Tamil Nadu.,Low Impact
The Public Transport Permit Regulation introduces minor regulatory adjustments to administrative workflows in Uttar Pradesh.,Low Impact
The Public Records Access Reform Act introduces digital portals for public monitoring of government spending in Bihar.,High Impact
The Public Transport Permit Regulation modifies internal administrative processes and documentation standards in Maharashtra.,Low Impact
This policy revises standard office procedures and departmental management guidelines in Telangana.,Low Impact
This regulation updates routine government operational rules under the Municipal Parking Regulation Bill in Gujarat.,Low Impact
The Public Transport Permit Regulation modifies internal administrative processes and documentation standards in Bihar.,Low Impact
The Public Records Access Reform Act introduces digital portals for public monitoring of government spending in Karnataka.,High Impact
This policy revises standard office procedures and departmental management guidelines in Rajasthan.,Low Impact
This policy revises standard office procedures and departmental management guidelines in Maharashtra.,Low Impact
The Lokpal and Lokayuktas Act mandates public disclosure of government records and improves transparency in Kerala.,High Impact
The Public Records Access Reform Act enhances transparency standards and civic oversight across administrative bodies in Madhya Pradesh.,High Impact
The Anti-Corruption Amendment Bill mandates public disclosure of government records and improves transparency in Tamil Nadu.,High Impact
The Departmental Reporting Format Regulation modifies internal administrative processes and documentation standards in Punjab.,Low Impact
The Public Procurement Transparency Bill enhances transparency standards and civic oversight across administrative bodies in Karnataka.,High Impact
The Municipal Parking Regulation Bill introduces minor regulatory adjustments to administrative workflows in Assam.,Low Impact
The Public Records Access Reform Act enhances transparency standards and civic oversight across administrative bodies in West Bengal.,High Impact
The Public Records Access Reform Act mandates public disclosure of government records and improves transparency in Kerala.,High Impact
This regulation updates routine government operational rules under the Departmental Reporting Format Regulation in Haryana.,Low Impact
The Government Accountability and Transparency Act introduces digital portals for public monitoring of government spending in Karnataka.,High Impact
The Government Office Attendance Rule Update regulates administrative procedures and operational guidelines for departments in Madhya Pradesh.,Low Impact
This legislation strengthens citizen access to government information and accountability mechanisms in Maharashtra under the Anti-Corruption Amendment Bill.,High Impact
This policy revises standard office procedures and departmental management guidelines in West Bengal.,Low Impact
The Administrative Procedure Simplification Bill modifies internal administrative processes and documentation standards in West Bengal.,Low Impact
This regulation updates routine government operational rules under the Public Transport Permit Regulation in Telangana.,Low Impact
"Under the Open Government Data Policy, all government departments must release public data to citizens in Assam.",High Impact
The Public Office Infrastructure Maintenance Policy modifies internal administrative processes and documentation standards in Kerala.,Low Impact
The Public Procurement Transparency Bill introduces digital portals for public monitoring of government spending in Uttar Pradesh.,High Impact
The Government Employee Leave Regulation Update regulates administrative procedures and operational guidelines for departments in Karnataka.,Low Impact
The Digital Personal Data Protection Act mandates public disclosure of government records and improves transparency in Andhra Pradesh.,High Impact
This legislation strengthens citizen access to government information and accountability mechanisms in Assam under the Open Government Data Policy.,High Impact
This policy revises standard office procedures and departmental management guidelines in Telangana.,Low Impact
The Anti-Corruption Amendment Bill introduces digital portals for public monitoring of government spending in Gujarat.,High Impact
The Public Procurement Transparency Bill mandates public disclosure of government records and improves transparency in Assam.,High Impact
The Public Procurement Transparency Bill mandates public disclosure of government records and improves transparency in Karnataka.,High Impact
The Open Government Data Policy enhances transparency standards and civic oversight across administrative bodies in Telangana.,High Impact
"Under the Open Government Data Policy, all government departments must release public data to citizens in Punjab.",High Impact
The Motor Vehicles Act amendment on vehicle registration introduces minor regulatory adjustments to administrative workflows in Andhra Pradesh.,Low Impact
The Digital Personal Data Protection Act mandates public disclosure of government records and improves transparency in Rajasthan.,High Impact
The Election Commission Transparency Reform Bill enhances transparency standards and civic oversight across administrative bodies in Telangana.,High Impact
This regulation updates routine government operational rules under the Departmental Reporting Format Regulation in Kerala.,Low Impact
This policy revises standard office procedures and departmental management guidelines in Madhya Pradesh.,Low Impact
The Open Government Data Policy mandates public disclosure of government records and improves transparency in Assam.,High Impact
This policy revises standard office procedures and departmental management guidelines in Odisha.,Low Impact
The Departmental Reporting Format Regulation introduces minor regulatory adjustments to administrative workflows in Andhra Pradesh.,Low Impact
The Election Commission Transparency Reform Bill enhances transparency standards and civic oversight across administrative bodies in Tamil Nadu.,High Impact
"Under the Public Records Access Reform Act, all government departments must release public data to citizens in Karnataka.",High Impact
The Administrative Procedure Simplification Bill introduces minor regulatory adjustments to administrative workflows in Gujarat.,Low Impact
The Digital Personal Data Protection Act enhances transparency standards and civic oversight across administrative bodies in Gujarat.,High Impact
The Government Office Attendance Rule Update regulates administrative procedures and operational guidelines for departments in Bihar.,Low Impact
The Government Employee Leave Regulation Update regulates administrative procedures and operational guidelines for departments in Odisha.,Low Impact
This legislation strengthens citizen access to government information and accountability mechanisms in Uttar Pradesh under the Anti-Corruption Amendment Bill.,High Impact
"Under the Government Accountability and Transparency Act, all government departments must release public data to citizens in Bihar.",High Impact
The Government Office Attendance Rule Update introduces minor regulatory adjustments to administrative workflows in Madhya Pradesh.,Low Impact
The Public Records Access Reform Act introduces digital portals for public monitoring of government spending in West Bengal.,High Impact
This policy revises standard office procedures and departmental management guidelines in Gujarat.,Low Impact
The Government Office Attendance Rule Update introduces minor regulatory adjustments to administrative workflows in Maharashtra.,Low Impact
This regulation updates routine government operational rules under the Departmental Reporting Format Regulation in West Bengal.,Low Impact
"Under the Public Procurement Transparency Bill, all government departments must release public data to citizens in Tamil Nadu.",High Impact
The Anti-Corruption Amendment Bill enhances transparency standards and civic oversight across administrative bodies in Punjab.,High Impact
"Under the Public Records Access Reform Act, all government departments must release public data to citizens in Odisha.",High Impact
The Digital Personal Data Protection Act introduces digital portals for public monitoring of government spending in Haryana.,High Impact
This policy revises standard office procedures and departmental management guidelines in Karnataka.,Low Impact
The Motor Vehicles Act amendment on vehicle registration regulates administrative procedures and operational guidelines for departments in West Bengal.,Low Impact
This regulation updates routine government operational rules under the Public Transport Permit Regulation in Haryana.,Low Impact
This policy revises standard office procedures and departmental management guidelines in Telangana.,Low Impact
"Under the Whistle Blowers Protection Act, all government departments must release public data to citizens in Madhya Pradesh.",High Impact
The Municipal Parking Regulation Bill regulates administrative procedures and operational guidelines for departments in Assam.,Low Impact
The Government Employee Leave Regulation Update regulates administrative procedures and operational guidelines for departments in Karnataka.,Low Impact
The Public Records Access Reform Act introduces digital portals for public monitoring of government spending in Madhya Pradesh.,High Impact
This regulation updates routine government operational rules under the Administrative Procedure Simplification Bill in Uttar Pradesh.,Low Impact
The Digital Personal Data Protection Act enhances transparency standards and civic oversight across administrative bodies in Punjab.,High Impact
The Election Commission Transparency Reform Bill enhances transparency standards and civic oversight across administrative bodies in Telangana.,High Impact
This regulation updates routine government operational rules under the Motor Vehicles Act amendment on vehicle registration in Maharashtra.,Low Impact
The Digital Personal Data Protection Act introduces digital portals for public monitoring of government spending in Odisha.,High Impact
The Motor Vehicles Act amendment on vehicle registration modifies internal administrative processes and documentation standards in Bihar.,Low Impact
The Lokpal and Lokayuktas Act mandates public disclosure of government records and improves transparency in Telangana.,High Impact
"Under the Public Procurement Transparency Bill, all government departments must release public data to citizens in Karnataka.",High Impact
The Lokpal and Lokayuktas Act introduces digital portals for public monitoring of government spending in Haryana.,High Impact
The Lokpal and Lokayuktas Act enhances transparency standards and civic oversight across administrative bodies in Tamil Nadu.,High Impact
This policy revises standard office procedures and departmental management guidelines in Andhra Pradesh.,Low Impact
This regulation updates routine government operational rules under the Urban Traffic Management Amendment in Haryana.,Low Impact
The Public Records Access Reform Act mandates public disclosure of government records and improves transparency in Punjab.,High Impact
The Whistle Blowers Protection Act introduces digital portals for public monitoring of government spending in Telangana.,High Impact
The Digital Personal Data Protection Act mandates public disclosure of government records and improves transparency in Rajasthan.,High Impact
The Public Office Infrastructure Maintenance Policy introduces minor regulatory adjustments to administrative workflows in Punjab.,Low Impact
The Open Government Data Policy enhances transparency standards and civic oversight across administrative bodies in Andhra Pradesh.,High Impact
The Election Commission Transparency Reform Bill mandates public disclosure of government records and improves transparency in Punjab.,High Impact
"Under the Open Government Data Policy, all government departments must release public data to citizens in Bihar.",High Impact
The Anti-Corruption Amendment Bill enhances transparency standards and civic oversight across administrative bodies in Odisha.,High Impact
The State Vehicle Tax Adjustment Act regulates administrative procedures and operational guidelines for departments in Gujarat.,Low Impact
The Public Office Infrastructure Maintenance Policy modifies internal administrative processes and documentation standards in Maharashtra.,Low Impact
This policy revises standard office procedures and departmental management guidelines in Maharashtra.,Low Impact
This legislation strengthens citizen access to government information and accountability mechanisms in Punjab under the Election Commission Transparency Reform Bill.,High Impact
The Public Transport Permit Regulation regulates administrative procedures and operational guidelines for departments in Telangana.,Low Impact
This legislation strengthens citizen access to government information and accountability mechanisms in Gujarat under the Whistle Blowers Protection Act.,High Impact
This policy revises standard office procedures and departmental management guidelines in Haryana.,Low Impact
The Public Office Infrastructure Maintenance Policy introduces minor regulatory adjustments to administrative workflows in Telangana.,Low Impact
This legislation strengthens citizen access to government information and accountability mechanisms in Kerala under the Right to Information Act.,High Impact
The Departmental Reporting Format Regulation introduces minor regulatory adjustments to administrative workflows in Bihar.,Low Impact
The Public Office Infrastructure Maintenance Policy introduces minor regulatory adjustments to administrative workflows in Tamil Nadu.,Low Impact
The Public Procurement Transparency Bill introduces digital portals for public monitoring of government spending in Telangana.,High Impact
This policy revises standard office procedures and departmental management guidelines in Bihar.,Low Impact
The Open Government Data Policy enhances transparency standards and civic oversight across administrative bodies in Karnataka.,High Impact
The Public Records Access Reform Act enhances transparency standards and civic oversight across administrative bodies in Haryana.,High Impact
The Public Transport Permit Regulation modifies internal administrative processes and documentation standards in Maharashtra.,Low Impact
The Digital Personal Data Protection Act mandates public disclosure of government records and improves transparency in West Bengal.,High Impact
This policy revises standard office procedures and departmental management guidelines in Maharashtra.,Low Impact
This legislation strengthens citizen access to government information and accountability mechanisms in Assam under the Public Procurement Transparency Bill.,High Impact
The Departmental Reporting Format Regulation introduces minor regulatory adjustments to administrative workflows in Andhra Pradesh.,Low Impact
The Public Procurement Transparency Bill introduces digital portals for public monitoring of government spending in Madhya Pradesh.,High Impact
The State Vehicle Tax Adjustment Act modifies internal administrative processes and documentation standards in Karnataka.,Low Impact
The Administrative Procedure Simplification Bill modifies internal administrative processes and documentation standards in Uttar Pradesh.,Low Impact
This policy revises standard office procedures and departmental management guidelines in Tamil Nadu.,Low Impact
"Under the Government Accountability and Transparency Act, all government departments must release public data to citizens in Telangana.",High Impact
The Digital Personal Data Protection Act introduces digital portals for public monitoring of government spending in Telangana.,High Impact
The Open Government Data Policy introduces digital portals for public monitoring of government spending in Maharashtra.,High Impact
The Public Transport Permit Regulation regulates administrative procedures and operational guidelines for departments in Gujarat.,Low Impact
The Urban Traffic Management Amendment modifies internal administrative processes and documentation standards in Assam.,Low Impact
The Right to Information Act enhances transparency standards and civic oversight across administrative bodies in Madhya Pradesh.,High Impact
The Right to Information Act introduces digital portals for public monitoring of government spending in Assam.,High Impact
This regulation updates routine government operational rules under the State Vehicle Tax Adjustment Act in Haryana.,Low Impact
This legislation strengthens citizen access to government information and accountability mechanisms in Madhya Pradesh under the Anti-Corruption Amendment Bill.,High Impact
"Under the Open Government Data Policy, all government departments must release public data to citizens in Haryana.",High Impact
The Administrative Procedure Simplification Bill modifies internal administrative processes and documentation standards in Uttar Pradesh.,Low Impact
"Under the Open Government Data Policy, all government departments must release public data to citizens in Haryana.",High Impact
The Motor Vehicles Act amendment on vehicle registration modifies internal administrative processes and documentation standards in Odisha.,Low Impact
This regulation updates routine government operational rules under the Public Transport Permit Regulation in Telangana.,Low Impact
The Election Commission Transparency Reform Bill mandates public disclosure of government records and improves transparency in Rajasthan.,High Impact
The Public Records Access Reform Act mandates public disclosure of government records and improves transparency in Kerala.,High Impact
The Open Government Data Policy introduces digital portals for public monitoring of government spending in Haryana.,High Impact
This policy revises standard office procedures and departmental management guidelines in Bihar.,Low Impact
The Public Procurement Transparency Bill enhances transparency standards and civic oversight across administrative bodies in Kerala.,High Impact
The Whistle Blowers Protection Act enhances transparency standards and civic oversight across administrative bodies in Bihar.,High Impact
The Government Employee Leave Regulation Update regulates administrative procedures and operational guidelines for departments in Uttar Pradesh.,Low Impact
The Government Employee Leave Regulation Update modifies internal administrative processes and documentation standards in Tamil Nadu.,Low Impact
The Public Office Infrastructure Maintenance Policy introduces minor regulatory adjustments to administrative workflows in Rajasthan.,Low Impact
The Public Records Access Reform Act mandates public disclosure of government records and improves transparency in Rajasthan.,High Impact
The Urban Traffic Management Amendment modifies internal administrative processes and documentation standards in Gujarat.,Low Impact
The Departmental Reporting Format Regulation modifies internal administrative processes and documentation standards in Gujarat.,Low Impact
This regulation updates routine government operational rules under the Departmental Reporting Format Regulation in Punjab.,Low Impact
This policy revises standard office procedures and departmental management guidelines in Gujarat.,Low Impact
This regulation updates routine government operational rules under the Public Transport Permit Regulation in West Bengal.,Low Impact
"Under the Lokpal and Lokayuktas Act, all government departments must release public data to citizens in Karnataka.",High Impact
This policy revises standard office procedures and departmental management guidelines in Odisha.,Low Impact
This legislation strengthens citizen access to government information and accountability mechanisms in Telangana under the Right to Information Act.,High Impact
The Urban Traffic Management Amendment introduces minor regulatory adjustments to administrative workflows in Uttar Pradesh.,Low Impact
This legislation strengthens citizen access to government information and accountability mechanisms in Rajasthan under the Lokpal and Lokayuktas Act.,High Impact
The Public Procurement Transparency Bill introduces digital portals for public monitoring of government spending in Tamil Nadu.,High Impact
"Under the Open Government Data Policy, all government departments must release public data to citizens in Bihar.",High Impact
The Public Records Access Reform Act enhances transparency standards and civic oversight across administrative bodies in Odisha.,High Impact
This policy revises standard office procedures and departmental management guidelines in Maharashtra.,Low Impact
This legislation strengthens citizen access to government information and accountability mechanisms in Bihar under the Government Accountability and Transparency Act.,High Impact
This regulation updates routine government operational rules under the Urban Traffic Management Amendment in Telangana.,Low Impact
This regulation updates routine government operational rules under the Government Employee Leave Regulation Update in Madhya Pradesh.,Low Impact
The Public Office Infrastructure Maintenance Policy regulates administrative procedures and operational guidelines for departments in West Bengal.,Low Impact
"Under the Anti-Corruption Amendment Bill, all government departments must release public data to citizens in Haryana.",High Impact
This regulation updates routine government operational rules under the Public Transport Permit Regulation in Karnataka.,Low Impact
This legislation strengthens citizen access to government information and accountability mechanisms in Gujarat under the Election Commission Transparency Reform Bill.,High Impact
The Digital Personal Data Protection Act enhances transparency standards and civic oversight across administrative bodies in Punjab.,High Impact
The Urban Traffic Management Amendment introduces minor regulatory adjustments to administrative workflows in Assam.,Low Impact
This regulation updates routine government operational rules under the Government Office Attendance Rule Update in Andhra Pradesh.,Low Impact
The Government Employee Leave Regulation Update regulates administrative procedures and operational guidelines for departments in West Bengal.,Low Impact
The Public Transport Permit Regulation introduces minor regulatory adjustments to administrative workflows in Telangana.,Low Impact
The Whistle Blowers Protection Act introduces digital portals for public monitoring of government spending in Haryana.,High Impact
The State Vehicle Tax Adjustment Act regulates administrative procedures and operational guidelines for departments in Punjab.,Low Impact
This regulation updates routine government operational rules under the Public Transport Permit Regulation in Karnataka.,Low Impact
The Public Transport Permit Regulation modifies internal administrative processes and documentation standards in Tamil Nadu.,Low Impact
This legislation strengthens citizen access to government information and accountability mechanisms in Bihar under the Anti-Corruption Amendment Bill.,High Impact
"Under the Digital Personal Data Protection Act, all government departments must release public data to citizens in Punjab.",High Impact
The Anti-Corruption Amendment Bill enhances transparency standards and civic oversight across administrative bodies in Tamil Nadu.,High Impact
The Public Procurement Transparency Bill mandates public disclosure of government records and improves transparency in Gujarat.,High Impact
The Right to Information Act mandates public disclosure of government records and improves transparency in Punjab.,High Impact
This policy revises standard office procedures and departmental management guidelines in Karnataka.,Low Impact
This regulation updates routine government operational rules under the Departmental Reporting Format Regulation in Gujarat.,Low Impact
The Whistle Blowers Protection Act enhances transparency standards and civic oversight across administrative bodies in Rajasthan.,High Impact
The Government Employee Leave Regulation Update regulates administrative procedures and operational guidelines for departments in Kerala.,Low Impact
The Municipal Parking Regulation Bill regulates administrative procedures and operational guidelines for departments in Punjab.,Low Impact
The Anti-Corruption Amendment Bill introduces digital portals for public monitoring of government spending in Odisha.,High Impact
The Public Transport Permit Regulation modifies internal administrative processes and documentation standards in Madhya Pradesh.,Low Impact
The Open Government Data Policy enhances transparency standards and civic oversight across administrative bodies in Andhra Pradesh.,High Impact
The Public Office Infrastructure Maintenance Policy regulates administrative procedures and operational guidelines for departments in Bihar.,Low Impact
"Under the Government Accountability and Transparency Act, all government departments must release public data to citizens in Andhra Pradesh.",High Impact
The State Vehicle Tax Adjustment Act introduces minor regulatory adjustments to administrative workflows in Bihar.,Low Impact
This policy revises standard office procedures and departmental management guidelines in Assam.,Low Impact
The Government Employee Leave Regulation Update regulates administrative procedures and operational guidelines for departments in Kerala.,Low Impact
"Under the Open Government Data Policy, all government departments must release public data to citizens in Andhra Pradesh.",High Impact
The Election Commission Transparency Reform Bill mandates public disclosure of government records and improves transparency in Odisha.,High Impact
The Public Transport Permit Regulation introduces minor regulatory adjustments to administrative workflows in Odisha.,Low Impact
The Motor Vehicles Act amendment on vehicle registration introduces minor regulatory adjustments to administrative workflows in Gujarat.,Low Impact
The Lokpal and Lokayuktas Act introduces digital portals for public monitoring of government spending in Kerala.,High Impact
This policy revises standard office procedures and departmental management guidelines in Telangana.,Low Impact
The Public Office Infrastructure Maintenance Policy introduces minor regulatory adjustments to administrative workflows in Odisha.,Low Impact
The Right to Information Act introduces digital portals for public monitoring of government spending in Uttar Pradesh.,High Impact
This regulation updates routine government operational rules under the Government Office Attendance Rule Update in Tamil Nadu.,Low Impact
This legislation strengthens citizen access to government information and accountability mechanisms in Tamil Nadu under the Public Records Access Reform Act.,High Impact
This legislation strengthens citizen access to government information and accountability mechanisms in Odisha under the Anti-Corruption Amendment Bill.,High Impact
The Government Accountability and Transparency Act mandates public disclosure of government records and improves transparency in Tamil Nadu.,High Impact
This policy revises standard office procedures and departmental management guidelines in Telangana.,Low Impact
"Under the Public Procurement Transparency Bill, all government departments must release public data to citizens in Rajasthan.",High Impact
"Under the Lokpal and Lokayuktas Act, all government departments must release public data to citizens in Maharashtra.",High Impact
"Under the Whistle Blowers Protection Act, all government departments must release public data to citizens in Bihar.",High Impact
The Municipal Parking Regulation Bill introduces minor regulatory adjustments to administrative workflows in Assam.,Low Impact
The Departmental Reporting Format Regulation introduces minor regulatory adjustments to administrative workflows in West Bengal.,Low Impact
This regulation updates routine government operational rules under the Urban Traffic Management Amendment in Odisha.,Low Impact
This legislation strengthens citizen access to government information and accountability mechanisms in Rajasthan under the Election Commission Transparency Reform Bill.,High Impact
The Open Government Data Policy mandates public disclosure of government records and improves transparency in Telangana.,High Impact
The Public Office Infrastructure Maintenance Policy modifies internal administrative processes and documentation standards in West Bengal.,Low Impact
The Right to Information Act introduces digital portals for public monitoring of government spending in Maharashtra.,High Impact
The Government Office Attendance Rule Update introduces minor regulatory adjustments to administrative workflows in Tamil Nadu.,Low Impact
The Public Transport Permit Regulation regulates administrative procedures and operational guidelines for departments in Telangana.,Low Impact
The Digital Personal Data Protection Act mandates public disclosure of government records and improves transparency in Gujarat.,High Impact
The Digital Personal Data Protection Act introduces digital portals for public monitoring of government spending in West Bengal.,High Impact
The Public Procurement Transparency Bill enhances transparency standards and civic oversight across administrative bodies in Punjab.,High Impact
The Digital Personal Data Protection Act enhances transparency standards and civic oversight across administrative bodies in Maharashtra.,High Impact
This policy revises standard office procedures and departmental management guidelines in Rajasthan.,Low Impact
The Departmental Reporting Format Regulation introduces minor regulatory adjustments to administrative workflows in Maharashtra.,Low Impact
The Urban Traffic Management Amendment introduces minor regulatory adjustments to administrative workflows in Assam.,Low Impact
The Municipal Parking Regulation Bill regulates administrative procedures and operational guidelines for departments in Kerala.,Low Impact
"Under the Lokpal and Lokayuktas Act, all government departments must release public data to citizens in Andhra Pradesh.",High Impact
This regulation updates routine government operational rules under the Public Transport Permit Regulation in Tamil Nadu.,Low Impact
The Public Procurement Transparency Bill enhances transparency standards and civic oversight across administrative bodies in Telangana.,High Impact
The Municipal Parking Regulation Bill regulates administrative procedures and operational guidelines for departments in West Bengal.,Low Impact
This policy revises standard office procedures and departmental management guidelines in Gujarat.,Low Impact
The Public Procurement Transparency Bill mandates public disclosure of government records and improves transparency in Bihar.,High Impact
The Public Records Access Reform Act enhances transparency standards and civic oversight across administrative bodies in Bihar.,High Impact
The Anti-Corruption Amendment Bill mandates public disclosure of government records and improves transparency in Tamil Nadu.,High Impact
The Public Transport Permit Regulation introduces minor regulatory adjustments to administrative workflows in Andhra Pradesh.,Low Impact
The Government Employee Leave Regulation Update introduces minor regulatory adjustments to administrative workflows in Haryana.,Low Impact
The Government Office Attendance Rule Update modifies internal administrative processes and documentation standards in Odisha.,Low Impact
The Election Commission Transparency Reform Bill introduces digital portals for public monitoring of government spending in Bihar.,High Impact
The Lokpal and Lokayuktas Act mandates public disclosure of government records and improves transparency in Punjab.,High Impact
The Urban Traffic Management Amendment introduces minor regulatory adjustments to administrative workflows in Andhra Pradesh.,Low Impact
This policy revises standard office procedures and departmental management guidelines in Assam.,Low Impact
The Government Office Attendance Rule Update modifies internal administrative processes and documentation standards in Madhya Pradesh.,Low Impact
This policy revises standard office procedures and departmental management guidelines in Odisha.,Low Impact
The State Vehicle Tax Adjustment Act modifies internal administrative processes and documentation standards in Telangana.,Low Impact
This regulation updates routine government operational rules under the Government Employee Leave Regulation Update in Uttar Pradesh.,Low Impact
This policy revises standard office procedures and departmental management guidelines in Kerala.,Low Impact
"Under the Public Records Access Reform Act, all government departments must release public data to citizens in Bihar.",High Impact
This regulation updates routine government operational rules under the Public Office Infrastructure Maintenance Policy in Gujarat.,Low Impact
This policy revises standard office procedures and departmental management guidelines in Rajasthan.,Low Impact
The Lokpal and Lokayuktas Act mandates public disclosure of government records and improves transparency in Kerala.,High Impact
The Public Procurement Transparency Bill enhances transparency standards and civic oversight across administrative bodies in Andhra Pradesh.,High Impact
"Under the Right to Information Act, all government departments must release public data to citizens in Gujarat.",High Impact
This policy revises standard office procedures and departmental management guidelines in Punjab.,Low Impact
This regulation updates routine government operational rules under the Public Transport Permit Regulation in Assam.,Low Impact
The Election Commission Transparency Reform Bill mandates public disclosure of government records and improves transparency in Haryana.,High Impact
The Lokpal and Lokayuktas Act enhances transparency standards and civic oversight across administrative bodies in West Bengal.,High Impact
This legislation strengthens citizen access to government information and accountability mechanisms in Haryana under the Government Accountability and Transparency Act.,High Impact
The Election Commission Transparency Reform Bill mandates public disclosure of government records and improves transparency in Haryana.,High Impact
The Government Employee Leave Regulation Update modifies internal administrative processes and documentation standards in Karnataka.,Low Impact
The Public Office Infrastructure Maintenance Policy introduces minor regulatory adjustments to administrative workflows in Andhra Pradesh.,Low Impact
This legislation strengthens citizen access to government information and accountability mechanisms in Telangana under the Digital Personal Data Protection Act.,High Impact
The State Vehicle Tax Adjustment Act introduces minor regulatory adjustments to administrative workflows in Tamil Nadu.,Low Impact
The Election Commission Transparency Reform Bill enhances transparency standards and civic oversight across administrative bodies in Punjab.,High Impact
This regulation updates routine government operational rules under the Municipal Parking Regulation Bill in West Bengal.,Low Impact
This legislation strengthens citizen access to government information and accountability mechanisms in Punjab under the Digital Personal Data Protection Act.,High Impact
The Urban Traffic Management Amendment modifies internal administrative processes and documentation standards in Assam.,Low Impact
This policy revises standard office procedures and departmental management guidelines in Assam.,Low Impact
The Lokpal and Lokayuktas Act enhances transparency standards and civic oversight across administrative bodies in Gujarat.,High Impact
The Anti-Corruption Amendment Bill mandates public disclosure of government records and improves transparency in Odisha.,High Impact
This policy revises standard office procedures and departmental management guidelines in Telangana.,Low Impact
The Anti-Corruption Amendment Bill mandates public disclosure of government records and improves transparency in Gujarat.,High Impact
The Government Accountability and Transparency Act introduces digital portals for public monitoring of government spending in Kerala.,High Impact
The Urban Traffic Management Amendment regulates administrative procedures and operational guidelines for departments in Tamil Nadu.,Low Impact
The Right to Information Act enhances transparency standards and civic oversight across administrative bodies in Uttar Pradesh.,High Impact
"Under the Public Records Access Reform Act, all government departments must release public data to citizens in Odisha.",High Impact
The Municipal Parking Regulation Bill modifies internal administrative processes and documentation standards in Kerala.,Low Impact
The Departmental Reporting Format Regulation modifies internal administrative processes and documentation standards in Odisha.,Low Impact
The Urban Traffic Management Amendment modifies internal administrative processes and documentation standards in Telangana.,Low Impact
The Public Office Infrastructure Maintenance Policy regulates administrative procedures and operational guidelines for departments in West Bengal.,Low Impact
This regulation updates routine government operational rules under the Urban Traffic Management Amendment in Assam.,Low Impact
"Under the Public Procurement Transparency Bill, all government departments must release public data to citizens in Maharashtra.",High Impact
The Anti-Corruption Amendment Bill enhances transparency standards and civic oversight across administrative bodies in Haryana.,High Impact
"Under the Whistle Blowers Protection Act, all government departments must release public data to citizens in Karnataka.",High Impact
The Election Commission Transparency Reform Bill mandates public disclosure of government records and improves transparency in Maharashtra.,High Impact
The Urban Traffic Management Amendment introduces minor regulatory adjustments to administrative workflows in Uttar Pradesh.,Low Impact
The Motor Vehicles Act amendment on vehicle registration regulates administrative procedures and operational guidelines for departments in Haryana.,Low Impact
The Public Records Access Reform Act introduces digital portals for public monitoring of government spending in Karnataka.,High Impact
The State Vehicle Tax Adjustment Act introduces minor regulatory adjustments to administrative workflows in West Bengal.,Low Impact
The Anti-Corruption Amendment Bill enhances transparency standards and civic oversight across administrative bodies in Assam.,High Impact
The Government Accountability and Transparency Act mandates public disclosure of government records and improves transparency in Rajasthan.,High Impact
The Government Employee Leave Regulation Update introduces minor regulatory adjustments to administrative workflows in Odisha.,Low Impact
This regulation updates routine government operational rules under the Municipal Parking Regulation Bill in West Bengal.,Low Impact
This regulation updates routine government operational rules under the Municipal Parking Regulation Bill in Odisha.,Low Impact
This legislation strengthens citizen access to government information and accountability mechanisms in West Bengal under the Digital Personal Data Protection Act.,High Impact
The Public Procurement Transparency Bill enhances transparency standards and civic oversight across administrative bodies in Maharashtra.,High Impact
This legislation strengthens citizen access to government information and accountability mechanisms in Rajasthan under the Right to Information Act.,High Impact
The Administrative Procedure Simplification Bill regulates administrative procedures and operational guidelines for departments in Uttar Pradesh.,Low Impact
The Public Office Infrastructure Maintenance Policy introduces minor regulatory adjustments to administrative workflows in West Bengal.,Low Impact
"Under the Election Commission Transparency Reform Bill, all government departments must release public data to citizens in Tamil Nadu.",High Impact
This regulation updates routine government operational rules under the Administrative Procedure Simplification Bill in Kerala.,Low Impact
This regulation updates routine government operational rules under the Government Employee Leave Regulation Update in Karnataka.,Low Impact
This legislation strengthens citizen access to government information and accountability mechanisms in Maharashtra under the Digital Personal Data Protection Act.,High Impact
The Lokpal and Lokayuktas Act mandates public disclosure of government records and improves transparency in Haryana.,High Impact
The Departmental Reporting Format Regulation regulates administrative procedures and operational guidelines for departments in Andhra Pradesh.,Low Impact
This regulation updates routine government operational rules under the Government Office Attendance Rule Update in Karnataka.,Low Impact
The Departmental Reporting Format Regulation introduces minor regulatory adjustments to administrative workflows in Uttar Pradesh.,Low Impact
The Digital Personal Data Protection Act introduces digital portals for public monitoring of government spending in Tamil Nadu.,High Impact
The Open Government Data Policy mandates public disclosure of government records and improves transparency in Haryana.,High Impact
The Public Office Infrastructure Maintenance Policy introduces minor regulatory adjustments to administrative workflows in Madhya Pradesh.,Low Impact
This regulation updates routine government operational rules under the Public Office Infrastructure Maintenance Policy in Odisha.,Low Impact
The Election Commission Transparency Reform Bill mandates public disclosure of government records and improves transparency in Kerala.,High Impact
"Under the Lokpal and Lokayuktas Act, all government departments must release public data to citizens in Tamil Nadu.",High Impact
The Administrative Procedure Simplification Bill modifies internal administrative processes and documentation standards in Rajasthan.,Low Impact
The Election Commission Transparency Reform Bill enhances transparency standards and civic oversight across administrative bodies in West Bengal.,High Impact
The Right to Information Act enhances transparency standards and civic oversight across administrative bodies in Andhra Pradesh.,High Impact
"Under the Digital Personal Data Protection Act, all government departments must release public data to citizens in Maharashtra.",High Impact
"Under the Whistle Blowers Protection Act, all government departments must release public data to citizens in Punjab.",High Impact
The Lokpal and Lokayuktas Act enhances transparency standards and civic oversight across administrative bodies in Maharashtra.,High Impact
The Departmental Reporting Format Regulation regulates administrative procedures and operational guidelines for departments in Gujarat.,Low Impact
The Open Government Data Policy introduces digital portals for public monitoring of government spending in Andhra Pradesh.,High Impact
"Under the Public Procurement Transparency Bill, all government departments must release public data to citizens in Rajasthan.",High Impact
"Under the Open Government Data Policy, all government departments must release public data to citizens in Assam.",High Impact
The State Vehicle Tax Adjustment Act modifies internal administrative processes and documentation standards in Karnataka.,Low Impact
The Administrative Procedure Simplification Bill modifies internal administrative processes and documentation standards in Punjab.,Low Impact
The Departmental Reporting Format Regulation introduces minor regulatory adjustments to administrative workflows in Karnataka.,Low Impact
This regulation updates routine government operational rules under the Municipal Parking Regulation Bill in Madhya Pradesh.,Low Impact
The Public Office Infrastructure Maintenance Policy introduces minor regulatory adjustments to administrative workflows in Karnataka.,Low Impact
The Government Employee Leave Regulation Update modifies internal administrative processes and documentation standards in Odisha.,Low Impact
This policy revises standard office procedures and departmental management guidelines in Andhra Pradesh.,Low Impact
This policy revises standard office procedures and departmental management guidelines in Madhya Pradesh.,Low Impact
The Election Commission Transparency Reform Bill enhances transparency standards and civic oversight across administrative bodies in Kerala.,High Impact
This legislation strengthens citizen access to government information and accountability mechanisms in West Bengal under the Government Accountability and Transparency Act.,High Impact
The Digital Personal Data Protection Act mandates public disclosure of government records and improves transparency in Bihar.,High Impact
This policy revises standard office procedures and departmental management guidelines in Odisha.,Low Impact
The Urban Traffic Management Amendment introduces minor regulatory adjustments to administrative workflows in Rajasthan.,Low Impact
The Public Office Infrastructure Maintenance Policy regulates administrative procedures and operational guidelines for departments in Assam.,Low Impact
The Public Procurement Transparency Bill introduces digital portals for public monitoring of government spending in Maharashtra.,High Impact
This legislation strengthens citizen access to government information and accountability mechanisms in Rajasthan under the Lokpal and Lokayuktas Act.,High Impact
The Public Office Infrastructure Maintenance Policy modifies internal administrative processes and documentation standards in Bihar.,Low Impact
This legislation strengthens citizen access to government information and accountability mechanisms in Odisha under the Right to Information Act.,High Impact
The Public Procurement Transparency Bill enhances transparency standards and civic oversight across administrative bodies in Odisha.,High Impact
This legislation strengthens citizen access to government information and accountability mechanisms in Kerala under the Open Government Data Policy.,High Impact
The Government Office Attendance Rule Update modifies internal administrative processes and documentation standards in Assam.,Low Impact
The Public Procurement Transparency Bill mandates public disclosure of government records and improves transparency in Madhya Pradesh.,High Impact
The Right to Information Act introduces digital portals for public monitoring of government spending in Andhra Pradesh.,High Impact
This legislation strengthens citizen access to government information and accountability mechanisms in Bihar under the Public Procurement Transparency Bill.,High Impact
This policy revises standard office procedures and departmental management guidelines in Gujarat.,Low Impact
The Election Commission Transparency Reform Bill introduces digital portals for public monitoring of government spending in Kerala.,High Impact
This legislation strengthens citizen access to government information and accountability mechanisms in Kerala under the Government Accountability and Transparency Act.,High Impact
This policy revises standard office procedures and departmental management guidelines in Maharashtra.,Low Impact
The Election Commission Transparency Reform Bill introduces digital portals for public monitoring of government spending in Uttar Pradesh.,High Impact
The Open Government Data Policy introduces digital portals for public monitoring of government spending in Tamil Nadu.,High Impact
This legislation strengthens citizen access to government information and accountability mechanisms in Assam under the Government Accountability and Transparency Act.,High Impact
This policy revises standard office procedures and departmental management guidelines in Madhya Pradesh.,Low Impact
This regulation updates routine government operational rules under the State Vehicle Tax Adjustment Act in Odisha.,Low Impact
"Under the Election Commission Transparency Reform Bill, all government departments must release public data to citizens in Assam.",High Impact
The Public Transport Permit Regulation modifies internal administrative processes and documentation standards in Gujarat.,Low Impact
This legislation strengthens citizen access to government information and accountability mechanisms in Karnataka under the Digital Personal Data Protection Act.,High Impact
The State Vehicle Tax Adjustment Act introduces minor regulatory adjustments to administrative workflows in Uttar Pradesh.,Low Impact
This policy revises standard office procedures and departmental management guidelines in Andhra Pradesh.,Low Impact
The Election Commission Transparency Reform Bill mandates public disclosure of government records and improves transparency in Madhya Pradesh.,High Impact
The Lokpal and Lokayuktas Act introduces digital portals for public monitoring of government spending in Madhya Pradesh.,High Impact
The Public Office Infrastructure Maintenance Policy introduces minor regulatory adjustments to administrative workflows in Rajasthan.,Low Impact
The Open Government Data Policy mandates public disclosure of government records and improves transparency in Punjab.,High Impact
The Public Procurement Transparency Bill introduces digital portals for public monitoring of government spending in Kerala.,High Impact
The Municipal Parking Regulation Bill modifies internal administrative processes and documentation standards in Haryana.,Low Impact
The State Vehicle Tax Adjustment Act modifies internal administrative processes and documentation standards in Tamil Nadu.,Low Impact
The Departmental Reporting Format Regulation modifies internal administrative processes and documentation standards in Kerala.,Low Impact
"Under the Digital Personal Data Protection Act, all government departments must release public data to citizens in Rajasthan.",High Impact
The Lokpal and Lokayuktas Act enhances transparency standards and civic oversight across administrative bodies in Tamil Nadu.,High Impact
This policy revises standard office procedures and departmental management guidelines in Assam.,Low Impact
This legislation strengthens citizen access to government information and accountability mechanisms in Telangana under the Whistle Blowers Protection Act.,High Impact
The Municipal Parking Regulation Bill regulates administrative procedures and operational guidelines for departments in Gujarat.,Low Impact
The Election Commission Transparency Reform Bill introduces digital portals for public monitoring of government spending in Gujarat.,High Impact
The Government Office Attendance Rule Update modifies internal administrative processes and documentation standards in West Bengal.,Low Impact
The Administrative Procedure Simplification Bill introduces minor regulatory adjustments to administrative workflows in Karnataka.,Low Impact
"Under the Open Government Data Policy, all government departments must release public data to citizens in Assam.",High Impact
This legislation strengthens citizen access to government information and accountability mechanisms in Madhya Pradesh under the Government Accountability and Transparency Act.,High Impact
This policy revises standard office procedures and departmental management guidelines in Gujarat.,Low Impact
The Departmental Reporting Format Regulation introduces minor regulatory adjustments to administrative workflows in Kerala.,Low Impact
The Departmental Reporting Format Regulation regulates administrative procedures and operational guidelines for departments in Andhra Pradesh.,Low Impact
The Urban Traffic Management Amendment regulates administrative procedures and operational guidelines for departments in Karnataka.,Low Impact
The Digital Personal Data Protection Act mandates public disclosure of government records and improves transparency in Haryana.,High Impact
The Motor Vehicles Act amendment on vehicle registration introduces minor regulatory adjustments to administrative workflows in West Bengal.,Low Impact
This legislation strengthens citizen access to government information and accountability mechanisms in Haryana under the Public Records Access Reform Act.,High Impact
"Under the Lokpal and Lokayuktas Act, all government departments must release public data to citizens in Gujarat.",High Impact
This legislation strengthens citizen access to government information and accountability mechanisms in Assam under the Public Records Access Reform Act.,High Impact
The Motor Vehicles Act amendment on vehicle registration modifies internal administrative processes and documentation standards in Karnataka.,Low Impact
The Open Government Data Policy introduces digital portals for public monitoring of government spending in Odisha.,High Impact
The Lokpal and Lokayuktas Act enhances transparency standards and civic oversight across administrative bodies in Haryana.,High Impact
The Administrative Procedure Simplification Bill regulates administrative procedures and operational guidelines for departments in Madhya Pradesh.,Low Impact
This policy revises standard office procedures and departmental management guidelines in Gujarat.,Low Impact
This legislation strengthens citizen access to government information and accountability mechanisms in Telangana under the Whistle Blowers Protection Act.,High Impact
The Government Office Attendance Rule Update regulates administrative procedures and operational guidelines for departments in Bihar.,Low Impact
The Departmental Reporting Format Regulation regulates administrative procedures and operational guidelines for departments in Punjab.,Low Impact
This policy revises standard office procedures and departmental management guidelines in Tamil Nadu.,Low Impact
The Motor Vehicles Act amendment on vehicle registration modifies internal administrative processes and documentation standards in Maharashtra.,Low Impact
The Government Employee Leave Regulation Update regulates administrative procedures and operational guidelines for departments in Assam.,Low Impact
This regulation updates routine government operational rules under the Urban Traffic Management Amendment in West Bengal.,Low Impact
This legislation strengthens citizen access to government information and accountability mechanisms in Karnataka under the Right to Information Act.,High Impact
"Under the Lokpal and Lokayuktas Act, all government departments must release public data to citizens in Kerala.",High Impact
This regulation updates routine government operational rules under the Administrative Procedure Simplification Bill in Andhra Pradesh.,Low Impact
"Under the Government Accountability and Transparency Act, all government departments must release public data to citizens in Gujarat.",High Impact
The Government Employee Leave Regulation Update regulates administrative procedures and operational guidelines for departments in Punjab.,Low Impact
The Lokpal and Lokayuktas Act introduces digital portals for public monitoring of government spending in Maharashtra.,High Impact
The Right to Information Act introduces digital portals for public monitoring of government spending in Odisha.,High Impact
The Motor Vehicles Act amendment on vehicle registration modifies internal administrative processes and documentation standards in Andhra Pradesh.,Low Impact
The Departmental Reporting Format Regulation introduces minor regulatory adjustments to administrative workflows in Haryana.,Low Impact
The Public Procurement Transparency Bill introduces digital portals for public monitoring of government spending in West Bengal.,High Impact
"Under the Public Procurement Transparency Bill, all government departments must release public data to citizens in Andhra Pradesh.",High Impact
The Whistle Blowers Protection Act mandates public disclosure of government records and improves transparency in Haryana.,High Impact
"Under the Whistle Blowers Protection Act, all government departments must release public data to citizens in West Bengal.",High Impact
"Under the Public Procurement Transparency Bill, all government departments must release public data to citizens in West Bengal.",High Impact
The Municipal Parking Regulation Bill introduces minor regulatory adjustments to administrative workflows in Tamil Nadu.,Low Impact
This policy revises standard office procedures and departmental management guidelines in Karnataka.,Low Impact
The Public Office Infrastructure Maintenance Policy modifies internal administrative processes and documentation standards in Assam.,Low Impact
The Digital Personal Data Protection Act introduces digital portals for public monitoring of government spending in Punjab.,High Impact
This legislation strengthens citizen access to government information and accountability mechanisms in Haryana under the Digital Personal Data Protection Act.,High Impact
The Digital Personal Data Protection Act enhances transparency standards and civic oversight across administrative bodies in West Bengal.,High Impact
The Whistle Blowers Protection Act introduces digital portals for public monitoring of government spending in Andhra Pradesh.,High Impact
This policy revises standard office procedures and departmental management guidelines in Gujarat.,Low Impact
This legislation strengthens citizen access to government information and accountability mechanisms in Tamil Nadu under the Election Commission Transparency Reform Bill.,High Impact
The Administrative Procedure Simplification Bill modifies internal administrative processes and documentation standards in Bihar.,Low Impact
The Urban Traffic Management Amendment modifies internal administrative processes and documentation standards in Telangana.,Low Impact
"Under the Public Procurement Transparency Bill, all government departments must release public data to citizens in Maharashtra.",High Impact
The Government Employee Leave Regulation Update regulates administrative procedures and operational guidelines for departments in Madhya Pradesh.,Low Impact
The State Vehicle Tax Adjustment Act introduces minor regulatory adjustments to administrative workflows in Maharashtra.,Low Impact
"Under the Open Government Data Policy, all government departments must release public data to citizens in Rajasthan.",High Impact
The Municipal Parking Regulation Bill introduces minor regulatory adjustments to administrative workflows in Gujarat.,Low Impact
This policy revises standard office procedures and departmental management guidelines in Uttar Pradesh.,Low Impact
The Administrative Procedure Simplification Bill modifies internal administrative processes and documentation standards in Punjab.,Low Impact
The Municipal Parking Regulation Bill regulates administrative procedures and operational guidelines for departments in Uttar Pradesh.,Low Impact
The Municipal Parking Regulation Bill regulates administrative procedures and operational guidelines for departments in Karnataka.,Low Impact
"Under the Public Procurement Transparency Bill, all government departments must release public data to citizens in Andhra Pradesh.",High Impact
This policy revises standard office procedures and departmental management guidelines in Karnataka.,Low Impact
The Whistle Blowers Protection Act introduces digital portals for public monitoring of government spending in Assam.,High Impact
The State Vehicle Tax Adjustment Act regulates administrative procedures and operational guidelines for departments in Karnataka.,Low Impact
This policy revises standard office procedures and departmental management guidelines in Rajasthan.,Low Impact
This legislation strengthens citizen access to government information and accountability mechanisms in West Bengal under the Anti-Corruption Amendment Bill.,High Impact
This legislation strengthens citizen access to government information and accountability mechanisms in Rajasthan under the Public Procurement Transparency Bill.,High Impact
"Under the Open Government Data Policy, all government departments must release public data to citizens in Kerala.",High Impact
The Digital Personal Data Protection Act enhances transparency standards and civic oversight across administrative bodies in West Bengal.,High Impact
The Anti-Corruption Amendment Bill mandates public disclosure of government records and improves transparency in Kerala.,High Impact
This regulation updates routine government operational rules under the Government Employee Leave Regulation Update in Rajasthan.,Low Impact
The Public Transport Permit Regulation modifies internal administrative processes and documentation standards in Bihar.,Low Impact
"Under the Public Records Access Reform Act, all government departments must release public data to citizens in Uttar Pradesh.",High Impact
The Urban Traffic Management Amendment regulates administrative procedures and operational guidelines for departments in Andhra Pradesh.,Low Impact
This legislation strengthens citizen access to government information and accountability mechanisms in Bihar under the Government Accountability and Transparency Act.,High Impact
The Lokpal and Lokayuktas Act enhances transparency standards and civic oversight across administrative bodies in Kerala.,High Impact
"Under the Government Accountability and Transparency Act, all government departments must release public data to citizens in Telangana.",High Impact
This legislation strengthens citizen access to government information and accountability mechanisms in Andhra Pradesh under the Anti-Corruption Amendment Bill.,High Impact
The Public Procurement Transparency Bill enhances transparency standards and civic oversight across administrative bodies in Assam.,High Impact
This regulation updates routine government operational rules under the Public Transport Permit Regulation in Andhra Pradesh.,Low Impact
The Government Accountability and Transparency Act introduces digital portals for public monitoring of government spending in Gujarat.,High Impact
The Election Commission Transparency Reform Bill introduces digital portals for public monitoring of government spending in Karnataka.,High Impact
This legislation strengthens citizen access to government information and accountability mechanisms in Telangana under the Anti-Corruption Amendment Bill.,High Impact
The Digital Personal Data Protection Act introduces digital portals for public monitoring of government spending in Assam.,High Impact
The Public Transport Permit Regulation modifies internal administrative processes and documentation standards in Uttar Pradesh.,Low Impact
This policy revises standard office procedures and departmental management guidelines in Odisha.,Low Impact
This regulation updates routine government operational rules under the Government Office Attendance Rule Update in Madhya Pradesh.,Low Impact
The Urban Traffic Management Amendment modifies internal administrative processes and documentation standards in Punjab.,Low Impact
This policy revises standard office procedures and departmental management guidelines in Karnataka.,Low Impact
The State Vehicle Tax Adjustment Act introduces minor regulatory adjustments to administrative workflows in Odisha.,Low Impact
The Anti-Corruption Amendment Bill introduces digital portals for public monitoring of government spending in Bihar.,High Impact
The Public Records Access Reform Act introduces digital portals for public monitoring of government spending in Telangana.,High Impact
"Under the Whistle Blowers Protection Act, all government departments must release public data to citizens in Punjab.",High Impact
The Whistle Blowers Protection Act introduces digital portals for public monitoring of government spending in Rajasthan.,High Impact
The Whistle Blowers Protection Act enhances transparency standards and civic oversight across administrative bodies in Madhya Pradesh.,High Impact
The Whistle Blowers Protection Act introduces digital portals for public monitoring of government spending in Gujarat.,High Impact
"Under the Public Procurement Transparency Bill, all government departments must release public data to citizens in West Bengal.",High Impact
The Public Office Infrastructure Maintenance Policy regulates administrative procedures and operational guidelines for departments in West Bengal.,Low Impact
This regulation updates routine government operational rules under the Government Office Attendance Rule Update in Kerala.,Low Impact
The Digital Personal Data Protection Act introduces digital portals for public monitoring of government spending in Odisha.,High Impact
The Public Office Infrastructure Maintenance Policy introduces minor regulatory adjustments to administrative workflows in Bihar.,Low Impact
The Whistle Blowers Protection Act mandates public disclosure of government records and improves transparency in Karnataka.,High Impact
The Departmental Reporting Format Regulation regulates administrative procedures and operational guidelines for departments in Maharashtra.,Low Impact
The Digital Personal Data Protection Act mandates public disclosure of government records and improves transparency in Gujarat.,High Impact
The Anti-Corruption Amendment Bill mandates public disclosure of government records and improves transparency in Telangana.,High Impact
The Public Records Access Reform Act enhances transparency standards and civic oversight across administrative bodies in Rajasthan.,High Impact
The Municipal Parking Regulation Bill modifies internal administrative processes and documentation standards in Karnataka.,Low Impact
The Public Transport Permit Regulation modifies internal administrative processes and documentation standards in Odisha.,Low Impact
The Public Procurement Transparency Bill introduces digital portals for public monitoring of government spending in Assam.,High Impact
The Urban Traffic Management Amendment modifies internal administrative processes and documentation standards in Tamil Nadu.,Low Impact
The Government Office Attendance Rule Update modifies internal administrative processes and documentation standards in Bihar.,Low Impact
The Administrative Procedure Simplification Bill introduces minor regulatory adjustments to administrative workflows in Madhya Pradesh.,Low Impact
The Public Office Infrastructure Maintenance Policy introduces minor regulatory adjustments to administrative workflows in Telangana.,Low Impact
The Urban Traffic Management Amendment modifies internal administrative processes and documentation standards in Bihar.,Low Impact
The Urban Traffic Management Amendment introduces minor regulatory adjustments to administrative workflows in Rajasthan.,Low Impact
This regulation updates routine government operational rules under the Public Office Infrastructure Maintenance Policy in Madhya Pradesh.,Low Impact
The Anti-Corruption Amendment Bill enhances transparency standards and civic oversight across administrative bodies in Bihar.,High Impact
This legislation strengthens citizen access to government information and accountability mechanisms in Odisha under the Public Records Access Reform Act.,High Impact
The Motor Vehicles Act amendment on vehicle registration regulates administrative procedures and operational guidelines for departments in Karnataka.,Low Impact
This legislation strengthens citizen access to government information and accountability mechanisms in Odisha under the Public Records Access Reform Act.,High Impact
"Under the Public Procurement Transparency Bill, all government departments must release public data to citizens in West Bengal.",High Impact
This regulation updates routine government operational rules under the Public Office Infrastructure Maintenance Policy in Andhra Pradesh.,Low Impact
The State Vehicle Tax Adjustment Act modifies internal administrative processes and documentation standards in West Bengal.,Low Impact
The Open Government Data Policy introduces digital portals for public monitoring of government spending in Madhya Pradesh.,High Impact
The Right to Information Act introduces digital portals for public monitoring of government spending in Bihar.,High Impact
The Government Accountability and Transparency Act introduces digital portals for public monitoring of government spending in Madhya Pradesh.,High Impact
The Government Accountability and Transparency Act enhances transparency standards and civic oversight across administrative bodies in Bihar.,High Impact
The Public Office Infrastructure Maintenance Policy introduces minor regulatory adjustments to administrative workflows in Telangana.,Low Impact
This policy revises standard office procedures and departmental management guidelines in Karnataka.,Low Impact
"Under the Lokpal and Lokayuktas Act, all government departments must release public data to citizens in Bihar.",High Impact
This legislation strengthens citizen access to government information and accountability mechanisms in Madhya Pradesh under the Digital Personal Data Protection Act.,High Impact
This regulation updates routine government operational rules under the Motor Vehicles Act amendment on vehicle registration in Assam.,Low Impact
"Under the Digital Personal Data Protection Act, all government departments must release public data to citizens in Andhra Pradesh.",High Impact
The Departmental Reporting Format Regulation introduces minor regulatory adjustments to administrative workflows in Maharashtra.,Low Impact
The Municipal Parking Regulation Bill introduces minor regulatory adjustments to administrative workflows in West Bengal.,Low Impact
The Municipal Parking Regulation Bill introduces minor regulatory adjustments to administrative workflows in Punjab.,Low Impact
This regulation updates routine government operational rules under the Departmental Reporting Format Regulation in Bihar.,Low Impact
This regulation updates routine government operational rules under the Government Office Attendance Rule Update in Assam.,Low Impact
This legislation strengthens citizen access to government information and accountability mechanisms in Gujarat under the Election Commission Transparency Reform Bill.,High Impact
The Whistle Blowers Protection Act introduces digital portals for public monitoring of government spending in Bihar.,High Impact
The Urban Traffic Management Amendment introduces minor regulatory adjustments to administrative workflows in Uttar Pradesh.,Low Impact
The Election Commission Transparency Reform Bill mandates public disclosure of government records and improves transparency in Telangana.,High Impact
This policy revises standard office procedures and departmental management guidelines in Punjab.,Low Impact
This legislation strengthens citizen access to government information and accountability mechanisms in West Bengal under the Open Government Data Policy.,High Impact
The Public Transport Permit Regulation regulates administrative procedures and operational guidelines for departments in Rajasthan.,Low Impact
"Under the Public Procurement Transparency Bill, all government departments must release public data to citizens in Gujarat.",High Impact
The State Vehicle Tax Adjustment Act introduces minor regulatory adjustments to administrative workflows in Maharashtra.,Low Impact
The Municipal Parking Regulation Bill regulates administrative procedures and operational guidelines for departments in Rajasthan.,Low Impact
The Government Office Attendance Rule Update modifies internal administrative processes and documentation standards in Odisha.,Low Impact
The Departmental Reporting Format Regulation modifies internal administrative processes and documentation standards in Bihar.,Low Impact
The Public Procurement Transparency Bill enhances transparency standards and civic oversight across administrative bodies in Punjab.,High Impact
The Anti-Corruption Amendment Bill enhances transparency standards and civic oversight across administrative bodies in Uttar Pradesh.,High Impact
"Under the Digital Personal Data Protection Act, all government departments must release public data to citizens in Kerala.",High Impact
The Lokpal and Lokayuktas Act enhances transparency standards and civic oversight across administrative bodies in Haryana.,High Impact
The Motor Vehicles Act amendment on vehicle registration modifies internal administrative processes and documentation standards in Uttar Pradesh.,Low Impact
The Municipal Parking Regulation Bill introduces minor regulatory adjustments to administrative workflows in Madhya Pradesh.,Low Impact
The Departmental Reporting Format Regulation introduces minor regulatory adjustments to administrative workflows in Andhra Pradesh.,Low Impact
"Under the Election Commission Transparency Reform Bill, all government departments must release public data to citizens in Bihar.",High Impact
The Election Commission Transparency Reform Bill introduces digital portals for public monitoring of government spending in Andhra Pradesh.,High Impact
The Digital Personal Data Protection Act enhances transparency standards and civic oversight across administrative bodies in Gujarat.,High Impact
The State Vehicle Tax Adjustment Act regulates administrative procedures and operational guidelines for departments in Haryana.,Low Impact
The Public Office Infrastructure Maintenance Policy introduces minor regulatory adjustments to administrative workflows in Uttar Pradesh.,Low Impact
The Motor Vehicles Act amendment on vehicle registration regulates administrative procedures and operational guidelines for departments in Bihar.,Low Impact
This legislation strengthens citizen access to government information and accountability mechanisms in Telangana under the Digital Personal Data Protection Act.,High Impact
This legislation strengthens citizen access to government information and accountability mechanisms in Punjab under the Public Procurement Transparency Bill.,High Impact
The Government Employee Leave Regulation Update modifies internal administrative processes and documentation standards in Karnataka.,Low Impact
The Motor Vehicles Act amendment on vehicle registration introduces minor regulatory adjustments to administrative workflows in Andhra Pradesh.,Low Impact
This legislation strengthens citizen access to government information and accountability mechanisms in Tamil Nadu under the Digital Personal Data Protection Act.,High Impact
The Urban Traffic Management Amendment modifies internal administrative processes and documentation standards in Bihar.,Low Impact
The Government Office Attendance Rule Update regulates administrative procedures and operational guidelines for departments in Karnataka.,Low Impact
The Whistle Blowers Protection Act mandates public disclosure of government records and improves transparency in Uttar Pradesh.,High Impact
"Under the Public Procurement Transparency Bill, all government departments must release public data to citizens in Kerala.",High Impact
The Government Employee Leave Regulation Update modifies internal administrative processes and documentation standards in West Bengal.,Low Impact
This regulation updates routine government operational rules under the Government Employee Leave Regulation Update in Assam.,Low Impact
The Digital Personal Data Protection Act enhances transparency standards and civic oversight across administrative bodies in Uttar Pradesh.,High Impact
This regulation updates routine government operational rules under the Departmental Reporting Format Regulation in Maharashtra.,Low Impact
The Municipal Parking Regulation Bill introduces minor regulatory adjustments to administrative workflows in Rajasthan.,Low Impact
The Public Office Infrastructure Maintenance Policy modifies internal administrative processes and documentation standards in Karnataka.,Low Impact
This legislation strengthens citizen access to government information and accountability mechanisms in Andhra Pradesh under the Digital Personal Data Protection Act.,High Impact
The Departmental Reporting Format Regulation introduces minor regulatory adjustments to administrative workflows in Gujarat.,Low Impact
This regulation updates routine government operational rules under the Government Office Attendance Rule Update in Tamil Nadu.,Low Impact
The Government Office Attendance Rule Update regulates administrative procedures and operational guidelines for departments in Karnataka.,Low Impact
The Departmental Reporting Format Regulation modifies internal administrative processes and documentation standards in Kerala.,Low Impact
This regulation updates routine government operational rules under the Public Office Infrastructure Maintenance Policy in Haryana.,Low Impact
"Under the Open Government Data Policy, all government departments must release public data to citizens in Andhra Pradesh.",High Impact
This legislation strengthens citizen access to government information and accountability mechanisms in Assam under the Government Accountability and Transparency Act.,High Impact
This policy revises standard office procedures and departmental management guidelines in Odisha.,Low Impact
The Public Records Access Reform Act introduces digital portals for public monitoring of government spending in West Bengal.,High Impact
This legislation strengthens citizen access to government information and accountability mechanisms in Odisha under the Open Government Data Policy.,High Impact
This regulation updates routine government operational rules under the Public Transport Permit Regulation in Telangana.,Low Impact
This regulation updates routine government operational rules under the Administrative Procedure Simplification Bill in Telangana.,Low Impact
"Under the Election Commission Transparency Reform Bill, all government departments must release public data to citizens in Uttar Pradesh.",High Impact
"Under the Anti-Corruption Amendment Bill, all government departments must release public data to citizens in Uttar Pradesh.",High Impact
This regulation updates routine government operational rules under the Motor Vehicles Act amendment on vehicle registration in Kerala.,Low Impact
"Under the Government Accountability and Transparency Act, all government departments must release public data to citizens in Assam.",High Impact
The Urban Traffic Management Amendment regulates administrative procedures and operational guidelines for departments in Andhra Pradesh.,Low Impact
The State Vehicle Tax Adjustment Act regulates administrative procedures and operational guidelines for departments in West Bengal.,Low Impact
The Lokpal and Lokayuktas Act introduces digital portals for public monitoring of government spending in Rajasthan.,High Impact
The Motor Vehicles Act amendment on vehicle registration introduces minor regulatory adjustments to administrative workflows in Punjab.,Low Impact
This policy revises standard office procedures and departmental management guidelines in Bihar.,Low Impact
The Motor Vehicles Act amendment on vehicle registration introduces minor regulatory adjustments to administrative workflows in Maharashtra.,Low Impact
This regulation updates routine government operational rules under the Motor Vehicles Act amendment on vehicle registration in West Bengal.,Low Impact
The State Vehicle Tax Adjustment Act introduces minor regulatory adjustments to administrative workflows in Punjab.,Low Impact
The Public Office Infrastructure Maintenance Policy modifies internal administrative processes and documentation standards in Karnataka.,Low Impact
This policy revises standard office procedures and departmental management guidelines in Gujarat.,Low Impact
The Departmental Reporting Format Regulation introduces minor regulatory adjustments to administrative workflows in West Bengal.,Low Impact
The Government Employee Leave Regulation Update regulates administrative procedures and operational guidelines for departments in Andhra Pradesh.,Low Impact
The Anti-Corruption Amendment Bill enhances transparency standards and civic oversight across administrative bodies in Rajasthan.,High Impact
The Election Commission Transparency Reform Bill mandates public disclosure of government records and improves transparency in Bihar.,High Impact
This legislation strengthens citizen access to government information and accountability mechanisms in Tamil Nadu under the Public Records Access Reform Act.,High Impact
"Under the Digital Personal Data Protection Act, all government departments must release public data to citizens in Assam.",High Impact
The Right to Information Act mandates public disclosure of government records and improves transparency in Odisha.,High Impact
This policy revises standard office procedures and departmental management guidelines in Tamil Nadu.,Low Impact
"Under the Lokpal and Lokayuktas Act, all government departments must release public data to citizens in Madhya Pradesh.",High Impact
The Open Government Data Policy introduces digital portals for public monitoring of government spending in Telangana.,High Impact
"Under the Anti-Corruption Amendment Bill, all government departments must release public data to citizens in Maharashtra.",High Impact
The Public Office Infrastructure Maintenance Policy modifies internal administrative processes and documentation standards in Assam.,Low Impact
The Departmental Reporting Format Regulation introduces minor regulatory adjustments to administrative workflows in Odisha.,Low Impact
The Municipal Parking Regulation Bill introduces minor regulatory adjustments to administrative workflows in Punjab.,Low Impact
The Government Employee Leave Regulation Update introduces minor regulatory adjustments to administrative workflows in Madhya Pradesh.,Low Impact
"Under the Right to Information Act, all government departments must release public data to citizens in Kerala.",High Impact
The Administrative Procedure Simplification Bill modifies internal administrative processes and documentation standards in Assam.,Low Impact
The Election Commission Transparency Reform Bill enhances transparency standards and civic oversight across administrative bodies in Telangana.,High Impact
This policy revises standard office procedures and departmental management guidelines in Uttar Pradesh.,Low Impact
The Government Employee Leave Regulation Update regulates administrative procedures and operational guidelines for departments in Kerala.,Low Impact
"Under the Open Government Data Policy, all government departments must release public data to citizens in Tamil Nadu.",High Impact
"Under the Lokpal and Lokayuktas Act, all government departments must release public data to citizens in Punjab.",High Impact
The Departmental Reporting Format Regulation modifies internal administrative processes and documentation standards in Haryana.,Low Impact
The Digital Personal Data Protection Act introduces digital portals for public monitoring of government spending in Assam.,High Impact
This policy revises standard office procedures and departmental management guidelines in West Bengal.,Low Impact
This policy revises standard office procedures and departmental management guidelines in Punjab.,Low Impact
"Under the Public Procurement Transparency Bill, all government departments must release public data to citizens in West Bengal.",High Impact
"Under the Election Commission Transparency Reform Bill, all government departments must release public data to citizens in Telangana.",High Impact
This policy revises standard office procedures and departmental management guidelines in Assam.,Low Impact
This regulation updates routine government operational rules under the Municipal Parking Regulation Bill in Andhra Pradesh.,Low Impact
The Open Government Data Policy introduces digital portals for public monitoring of government spending in Assam.,High Impact
The Public Office Infrastructure Maintenance Policy regulates administrative procedures and operational guidelines for departments in Kerala.,Low Impact
"Under the Digital Personal Data Protection Act, all government departments must release public data to citizens in Gujarat.",High Impact
The Public Office Infrastructure Maintenance Policy introduces minor regulatory adjustments to administrative workflows in Kerala.,Low Impact
The State Vehicle Tax Adjustment Act introduces minor regulatory adjustments to administrative workflows in Assam.,Low Impact
The State Vehicle Tax Adjustment Act introduces minor regulatory adjustments to administrative workflows in Karnataka.,Low Impact
The Public Office Infrastructure Maintenance Policy regulates administrative procedures and operational guidelines for departments in Punjab.,Low Impact
The State Vehicle Tax Adjustment Act regulates administrative procedures and operational guidelines for departments in Karnataka.,Low Impact
The Departmental Reporting Format Regulation introduces minor regulatory adjustments to administrative workflows in Rajasthan.,Low Impact
The Open Government Data Policy introduces digital portals for public monitoring of government spending in Madhya Pradesh.,High Impact
The State Vehicle Tax Adjustment Act regulates administrative procedures and operational guidelines for departments in Tamil Nadu.,Low Impact
This policy revises standard office procedures and departmental management guidelines in West Bengal.,Low Impact
"Under the Lokpal and Lokayuktas Act, all government departments must release public data to citizens in Kerala.",High Impact
The Right to Information Act mandates public disclosure of government records and improves transparency in Andhra Pradesh.,High Impact
This regulation updates routine government operational rules under the Public Office Infrastructure Maintenance Policy in Bihar.,Low Impact
The Public Records Access Reform Act introduces digital portals for public monitoring of government spending in Rajasthan.,High Impact
The Election Commission Transparency Reform Bill mandates public disclosure of government records and improves transparency in Kerala.,High Impact
This policy revises standard office procedures and departmental management guidelines in Maharashtra.,Low Impact
The Urban Traffic Management Amendment introduces minor regulatory adjustments to administrative workflows in Bihar.,Low Impact
The Public Office Infrastructure Maintenance Policy regulates administrative procedures and operational guidelines for departments in Maharashtra.,Low Impact
"Under the Public Procurement Transparency Bill, all government departments must release public data to citizens in Punjab.",High Impact
The Election Commission Transparency Reform Bill introduces digital portals for public monitoring of government spending in Odisha.,High Impact
"Under the Lokpal and Lokayuktas Act, all government departments must release public data to citizens in Punjab.",High Impact
This regulation updates routine government operational rules under the Administrative Procedure Simplification Bill in Tamil Nadu.,Low Impact
The Government Accountability and Transparency Act mandates public disclosure of government records and improves transparency in Assam.,High Impact
The Government Employee Leave Regulation Update regulates administrative procedures and operational guidelines for departments in Maharashtra.,Low Impact
The Anti-Corruption Amendment Bill mandates public disclosure of government records and improves transparency in Karnataka.,High Impact
The Public Records Access Reform Act introduces digital portals for public monitoring of government spending in Karnataka.,High Impact
"Under the Government Accountability and Transparency Act, all government departments must release public data to citizens in Uttar Pradesh.",High Impact
The Lokpal and Lokayuktas Act mandates public disclosure of government records and improves transparency in Tamil Nadu.,High Impact
This regulation updates routine government operational rules under the Motor Vehicles Act amendment on vehicle registration in Telangana.,Low Impact
The State Vehicle Tax Adjustment Act modifies internal administrative processes and documentation standards in Andhra Pradesh.,Low Impact
The Public Procurement Transparency Bill enhances transparency standards and civic oversight across administrative bodies in Haryana.,High Impact
The Departmental Reporting Format Regulation introduces minor regulatory adjustments to administrative workflows in Rajasthan.,Low Impact
The Anti-Corruption Amendment Bill mandates public disclosure of government records and improves transparency in Maharashtra.,High Impact
This regulation updates routine government operational rules under the Municipal Parking Regulation Bill in Odisha.,Low Impact
The Public Transport Permit Regulation regulates administrative procedures and operational guidelines for departments in Andhra Pradesh.,Low Impact
This regulation updates routine government operational rules under the Departmental Reporting Format Regulation in Maharashtra.,Low Impact
The Anti-Corruption Amendment Bill introduces digital portals for public monitoring of government spending in Andhra Pradesh.,High Impact
The Election Commission Transparency Reform Bill mandates public disclosure of government records and improves transparency in Punjab.,High Impact
The Election Commission Transparency Reform Bill mandates public disclosure of government records and improves transparency in Madhya Pradesh.,High Impact
"Under the Anti-Corruption Amendment Bill, all government departments must release public data to citizens in Bihar.",High Impact
The Public Procurement Transparency Bill introduces digital portals for public monitoring of government spending in Bihar.,High Impact
This policy revises standard office procedures and departmental management guidelines in Haryana.,Low Impact
"Under the Digital Personal Data Protection Act, all government departments must release public data to citizens in Punjab.",High Impact
This legislation strengthens citizen access to government information and accountability mechanisms in Punjab under the Public Procurement Transparency Bill.,High Impact
The Anti-Corruption Amendment Bill mandates public disclosure of government records and improves transparency in Andhra Pradesh.,High Impact
This regulation updates routine government operational rules under the Administrative Procedure Simplification Bill in Gujarat.,Low Impact
This legislation strengthens citizen access to government information and accountability mechanisms in Telangana under the Right to Information Act.,High Impact
This legislation strengthens citizen access to government information and accountability mechanisms in Andhra Pradesh under the Public Records Access Reform Act.,High Impact
This regulation updates routine government operational rules under the Motor Vehicles Act amendment on vehicle registration in Madhya Pradesh.,Low Impact
This regulation updates routine government operational rules under the Public Transport Permit Regulation in Assam.,Low Impact
The Government Accountability and Transparency Act mandates public disclosure of government records and improves transparency in Bihar.,High Impact
The Lokpal and Lokayuktas Act mandates public disclosure of government records and improves transparency in Odisha.,High Impact
The State Vehicle Tax Adjustment Act introduces minor regulatory adjustments to administrative workflows in Rajasthan.,Low Impact
This regulation updates routine government operational rules under the Urban Traffic Management Amendment in Assam.,Low Impact
This policy revises standard office procedures and departmental management guidelines in Uttar Pradesh.,Low Impact
The Anti-Corruption Amendment Bill mandates public disclosure of government records and improves transparency in West Bengal.,High Impact
The Departmental Reporting Format Regulation introduces minor regulatory adjustments to administrative workflows in Maharashtra.,Low Impact
This regulation updates routine government operational rules under the Motor Vehicles Act amendment on vehicle registration in Haryana.,Low Impact
The Municipal Parking Regulation Bill regulates administrative procedures and operational guidelines for departments in Karnataka.,Low Impact
This legislation strengthens citizen access to government information and accountability mechanisms in Maharashtra under the Election Commission Transparency Reform Bill.,High Impact
This regulation updates routine government operational rules under the Administrative Procedure Simplification Bill in Rajasthan.,Low Impact
The Public Procurement Transparency Bill mandates public disclosure of government records and improves transparency in Madhya Pradesh.,High Impact
The Government Employee Leave Regulation Update regulates administrative procedures and operational guidelines for departments in Madhya Pradesh.,Low Impact
The Public Procurement Transparency Bill mandates public disclosure of government records and improves transparency in Kerala.,High Impact
This legislation strengthens citizen access to government information and accountability mechanisms in West Bengal under the Lokpal and Lokayuktas Act.,High Impact
The Public Records Access Reform Act enhances transparency standards and civic oversight across administrative bodies in Haryana.,High Impact
"Under the Anti-Corruption Amendment Bill, all government departments must release public data to citizens in Gujarat.",High Impact
The Anti-Corruption Amendment Bill enhances transparency standards and civic oversight across administrative bodies in Uttar Pradesh.,High Impact
The Anti-Corruption Amendment Bill enhances transparency standards and civic oversight across administrative bodies in Maharashtra.,High Impact
This legislation strengthens citizen access to government information and accountability mechanisms in Uttar Pradesh under the Lokpal and Lokayuktas Act.,High Impact
The Government Employee Leave Regulation Update introduces minor regulatory adjustments to administrative workflows in Assam.,Low Impact
The Public Office Infrastructure Maintenance Policy regulates administrative procedures and operational guidelines for departments in Andhra Pradesh.,Low Impact
The Municipal Parking Regulation Bill regulates administrative procedures and operational guidelines for departments in West Bengal.,Low Impact
"Under the Digital Personal Data Protection Act, all government departments must release public data to citizens in Bihar.",High Impact
This regulation updates routine government operational rules under the Motor Vehicles Act amendment on vehicle registration in Madhya Pradesh.,Low Impact
The Whistle Blowers Protection Act mandates public disclosure of government records and improves transparency in Karnataka.,High Impact
The Digital Personal Data Protection Act mandates public disclosure of government records and improves transparency in Tamil Nadu.,High Impact
This legislation strengthens citizen access to government information and accountability mechanisms in Kerala under the Lokpal and Lokayuktas Act.,High Impact
This legislation strengthens citizen access to government information and accountability mechanisms in Karnataka under the Digital Personal Data Protection Act.,High Impact
The Government Office Attendance Rule Update introduces minor regulatory adjustments to administrative workflows in West Bengal.,Low Impact
The Municipal Parking Regulation Bill modifies internal administrative processes and documentation standards in Odisha.,Low Impact
The Motor Vehicles Act amendment on vehicle registration introduces minor regulatory adjustments to administrative workflows in Karnataka.,Low Impact
The Digital Personal Data Protection Act mandates public disclosure of government records and improves transparency in Karnataka.,High Impact
This legislation strengthens citizen access to government information and accountability mechanisms in Telangana under the Digital Personal Data Protection Act.,High Impact
The Government Employee Leave Regulation Update regulates administrative procedures and operational guidelines for departments in Maharashtra.,Low Impact
The Public Procurement Transparency Bill enhances transparency standards and civic oversight across administrative bodies in Haryana.,High Impact
This regulation updates routine government operational rules under the Departmental Reporting Format Regulation in Maharashtra.,Low Impact
The Public Procurement Transparency Bill introduces digital portals for public monitoring of government spending in Punjab.,High Impact
The Whistle Blowers Protection Act enhances transparency standards and civic oversight across administrative bodies in Gujarat.,High Impact
The Whistle Blowers Protection Act introduces digital portals for public monitoring of government spending in Punjab.,High Impact
The Public Office Infrastructure Maintenance Policy regulates administrative procedures and operational guidelines for departments in Gujarat.,Low Impact
The Urban Traffic Management Amendment modifies internal administrative processes and documentation standards in West Bengal.,Low Impact
The Public Records Access Reform Act introduces digital portals for public monitoring of government spending in Andhra Pradesh.,High Impact
The Anti-Corruption Amendment Bill mandates public disclosure of government records and improves transparency in Karnataka.,High Impact
The Open Government Data Policy mandates public disclosure of government records and improves transparency in Maharashtra.,High Impact
The State Vehicle Tax Adjustment Act introduces minor regulatory adjustments to administrative workflows in Gujarat.,Low Impact
"Under the Whistle Blowers Protection Act, all government departments must release public data to citizens in Haryana.",High Impact
